date,open,high,low,close,volume,fng,nyhlr
2022-11-01,20490.74,20700.0,20330.74,20483.62,5740102554.920829,30,1.1011
2022-10-31,20627.48,20845.92,20237.95,20490.74,6226304300.443864,31,0.8623
2022-10-28,20295.11,20750.0,20000.09,20591.84,5849603405.682575,30,0.7876
2022-10-27,20771.61,20872.21,20200.0,20295.11,6771209922.011917,32,0.5937
2022-10-26,20079.02,21020.0,20050.41,20771.59,7833551674.485679,33,0.8453
2022-10-25,19330.6,20415.87,19237.0,20080.07,6454151276.520069,20,0.6194
2022-10-24,19570.4,19601.15,19157.0,19329.72,4957159176.816838,22,0.1981
2022-10-21,19041.92,19250.0,18650.0,19164.37,5126619487.86902,23,0.0729
2022-10-20,19123.35,19347.82,18900.0,19041.92,4276025723.9947824,23,0.0898
2022-10-19,19327.44,19360.16,19065.97,19123.97,3575041318.449784,23,0.1064
2022-10-18,19548.48,19706.66,19091.0,19327.44,5065944973.464348,22,0.3478
2022-10-17,19262.98,19676.96,19152.03,19549.86,4331666395.604673,20,0.3583
2022-10-14,19375.58,19951.87,19070.37,19176.93,6877621835.225796,24,0.133
2022-10-13,19155.1,19513.79,18190.0,19375.13,7554309475.307985,20,0.031
2022-10-12,19060.0,19238.31,18965.88,19155.53,4086903621.9265537,20,0.0172
2022-10-11,19131.87,19268.09,18860.0,19060.0,4642843395.600282,24,0.0241
2022-10-10,19439.96,19525.0,19020.25,19131.87,4101745483.129524,22,0.0586
2022-10-07,19960.67,20068.82,19320.0,19530.09,4353681483.987034,23,0.0478
2022-10-06,20158.26,20456.6,19853.0,19960.67,6452892402.324269,26,0.1717
2022-10-05,20337.82,20365.6,19730.0,20158.26,6275437160.958072,25,0.2622
2022-10-04,19629.08,20475.0,19490.6,20337.82,6533428229.851052,20,0.3846
2022-10-03,19057.74,19719.1,18959.68,19629.08,5672105805.772144,24,0.0717
2022-09-30,19590.54,20185.0,19155.36,19422.61,8694127253.576593,21,0.0082
2022-09-29,19412.82,19645.52,18843.01,19591.51,7868786414.856212,22,0.0097
2022-09-28,19078.1,19790.0,18471.28,19412.82,9964460007.304356,20,0.0408
2022-09-27,19226.68,20385.86,18816.32,19079.13,11705770260.67216,20,0.0167
2022-09-26,18809.13,19318.96,18680.72,19227.82,8356951609.998723,21,0.0101
2022-09-23,19401.63,19500.0,18531.42,19289.91,7330336009.190998,20,0.0072
2022-09-22,18461.36,19550.17,18356.39,19401.63,7203741481.483637,22,0.0137
2022-09-21,18874.31,19956.0,18125.98,18461.36,7338667639.751955,23,0.0591
2022-09-20,19537.02,19634.62,18711.87,18875.0,6206043205.412278,23,0.0329
2022-09-19,19417.45,19686.2,18232.56,19537.02,7215196795.656052,21,0.0655
2022-09-16,19701.88,19890.0,19320.01,19803.3,5584012914.113887,20,0.0359
2022-09-15,20227.17,20330.24,19497.0,19701.88,6655264974.21376,28,0.1022
2022-09-14,20173.62,20541.48,19617.62,20226.71,6886235196.646198,27,0.1803
2022-09-13,22395.44,22799.0,19860.0,20173.57,9302239274.39612,34,0.1619
2022-09-12,21826.87,22488.0,21538.51,22395.74,8743762682.841719,25,1.1351
2022-09-09,19320.54,21597.22,19291.75,21360.11,8929831332.708796,22,1.2413
2022-09-08,19292.85,19458.25,19012.0,19319.77,5057217166.675081,20,0.2277
2022-09-07,18790.61,19464.06,18510.77,19292.84,5436827909.201311,24,0.1134
2022-09-06,19795.34,20180.0,18649.51,18790.61,6976809188.410191,22,0.0765
2022-09-02,20132.64,20441.26,19755.29,19951.86,4946889819.514837,25,0.1782
2022-09-01,20048.44,20208.37,19565.66,20131.46,4893158531.781241,20,0.0555
2022-08-31,19813.03,20490.0,19797.94,20050.02,5595829094.391042,23,0.0687
2022-08-30,20287.2,20576.25,19540.0,19811.66,5157974826.609323,27,0.0821
2022-08-29,19555.61,20433.62,19550.79,20285.73,4211334408.9865937,24,0.2189
2022-08-26,21559.04,21886.77,20107.9,20241.05,5785149465.09769,27,0.2886
2022-08-25,21368.05,21819.88,21310.15,21559.04,3672148286.6013737,25,1.2647
2022-08-24,21529.11,21900.0,21145.0,21368.08,3744196823.5648546,25,0.5066
2022-08-23,21400.75,21684.87,20890.14,21529.12,4299812533.944709,28,0.4677
2022-08-22,21516.7,21548.71,20890.18,21399.83,4721412016.903412,29,0.2272
2022-08-19,23191.45,23208.67,20783.57,20834.39,6181759252.730264,33,0.4561
2022-08-18,23342.66,23600.0,23111.04,23191.2,3375338942.261788,30,1.8333
2022-08-17,23856.15,24446.71,23180.4,23342.66,4993659434.236888,41,1.0294
2022-08-16,24093.04,24247.49,23671.22,23854.74,4294907691.650949,44,3.0476
2022-08-15,24305.25,25211.32,23773.22,24094.82,5894066098.523285,45,3.2105
2022-08-12,23933.09,24456.5,23583.0,24403.68,4175834601.8605466,42,2.3333
2022-08-11,23954.05,24918.54,23852.13,23934.39,6097813762.895935,41,2.0357
2022-08-10,23151.32,24226.0,22664.69,23954.05,4918825599.489632,31,2.6521
2022-08-09,23810.98,23933.25,22865.0,23149.95,3347110918.907211,42,0.4482
2022-08-08,23174.39,24245.0,23154.25,23810.0,4078052110.543128,30,2.1111
2022-08-05,22622.41,23472.86,22586.95,23312.42,4046435951.354509,31,0.5869
2022-08-04,22816.91,23223.32,22400.0,22622.98,3537434334.434649,30,0.7837
2022-08-03,22985.93,23647.68,22681.22,22818.37,3385430753.8050184,34,0.6944
2022-08-02,23266.9,23459.89,22654.37,22987.79,3631020649.22638,31,1.0937
2022-08-01,23296.36,23509.68,22850.0,23268.01,3346371889.6521215,33,0.8541
2022-07-29,23845.25,24442.66,23414.03,23773.75,4733780641.305037,39,0.9347
2022-07-28,22954.31,24199.72,22582.13,23842.93,5511388547.615389,32,0.88
2022-07-27,21254.67,23112.63,21042.53,22952.45,4614909656.6957855,28,0.7333
2022-07-26,21310.9,21347.82,20706.5,21254.67,3738774849.3577113,26,0.3
2022-07-25,22577.13,22666.0,21250.0,21310.9,3954002948.5472584,30,0.4166
2022-07-22,23152.19,23756.49,22500.0,22684.83,3981394766.2280574,33,0.3555
2022-07-21,23223.3,23442.77,22341.46,23152.19,4232411759.395025,34,0.2857
2022-07-20,23398.48,24276.74,22906.19,23223.3,5631801151.220376,31,0.4193
2022-07-19,22432.58,23800.0,21579.54,23396.62,5954419902.221928,30,0.2916
2022-07-18,20799.58,22777.63,20762.45,22432.58,5263396811.539256,20,0.2833
2022-07-15,20588.84,21200.0,20382.29,20830.04,2984339734.3532705,15,0.1
2022-07-14,20234.87,20900.0,19616.07,20588.84,3526210098.285044,18,0.0079
2022-07-13,19331.28,20366.61,18910.94,20234.87,4096306063.801935,15,0.0142
2022-07-12,19963.61,20059.42,19240.0,19328.75,2754215439.3324776,16,0.0632
2022-07-11,20861.11,20868.48,19875.23,19963.61,2813718031.1093426,22,0.0378
2022-07-08,21624.99,22527.37,21189.26,21594.75,8781330156.61243,20,0.125
2022-07-07,20564.51,21838.1,20251.68,21624.98,1783224085.72368,18,0.1864
2022-07-06,20175.84,20675.22,19761.25,20564.51,1665481948.0096319,18,0.0659
2022-07-05,20236.71,20750.0,19304.4,20175.83,1919950110.1674304,19,0.0127
2022-07-01,19942.21,20918.35,18975.0,19279.8,2197016369.9695287,11,0.0585
2022-06-30,20123.0,20179.08,18626.0,19942.21,1808994369.031444,11,0.035
2022-06-29,20281.28,20432.31,19854.92,20123.01,1556549790.008924,13,0.0452
2022-06-28,20742.57,21212.1,20202.01,20281.29,1321862977.9315486,10,0.1348
2022-06-27,21038.08,21539.85,20510.0,20742.56,1354369225.8404648,12,0.2153
2022-06-24,21110.12,21558.41,20736.72,21237.69,1635129191.170251,11,0.147
2022-06-23,19988.0,21233.0,19890.07,21110.13,1710694866.4572449,11,0.0153
2022-06-22,20723.51,20900.0,19770.51,19987.99,1872204589.2375815,11,0.0185
2022-06-21,20573.9,21723.0,20348.4,20723.52,2198596137.343284,9,0.0696
2022-06-17,20400.6,21365.43,20246.66,20468.81,1796575392.5507207,9,0.0035
2022-06-16,22583.72,22995.73,20232.0,20401.31,2130037160.0626109,7,0.0009
2022-06-15,22136.42,22800.0,20111.62,22583.72,4249276481.2566967,7,0.0148
2022-06-14,22485.27,23362.88,20846.0,22136.41,4136108699.025428,8,0.0047
2022-06-13,26574.53,26895.84,21925.77,22487.41,6192246037.404873,11,0.0012
2022-06-10,30109.93,30382.8,28850.0,29091.88,2255866294.494887,13,0.0159
2022-06-09,30204.77,30700.0,29944.1,30109.93,1399839073.774508,11,0.1081
2022-06-08,31125.32,31327.22,29843.88,30204.77,2087270428.3470392,17,1.7843
2022-06-07,31373.1,31589.6,29218.96,31125.33,3347397952.7305903,15,1.4848
2022-06-06,29919.2,31765.64,29890.23,31373.1,2149499896.9349375,13,1.537
2022-06-03,30452.63,30699.0,29282.36,29700.21,1615616950.7143807,10,2.0
2022-06-02,29805.84,30689.0,29594.55,30452.62,1711652906.191896,13,1.6842
2022-06-01,31801.05,31982.97,29301.0,29805.83,3171191028.249736,17,1.0
2022-05-31,31734.23,32399.0,31200.01,31801.04,1981259117.0115464,16,3.1818
2022-05-27,29201.35,29397.66,28282.9,28629.8,2626515958.5034895,12,2.4444
2022-05-26,29542.14,29886.64,28019.56,29201.35,2759055410.397752,12,2.175
2022-05-25,29654.58,30223.74,29294.21,29542.15,1771708175.0718913,11,0.5731
2022-05-24,29109.14,29845.86,28669.0,29654.58,1740257602.3067698,12,0.0815
2022-05-23,30293.93,30670.51,28866.35,29109.15,1914305818.074519,10,0.2517
2022-05-20,30319.22,30777.33,28730.0,29201.01,1800589029.270878,13,0.0412
2022-05-19,28715.33,30545.18,28691.38,30319.23,2014360135.785272,13,0.0278
2022-05-18,30444.93,30709.99,28654.47,28715.32,1762843836.1269379,12,0.0693
2022-05-17,29874.01,30788.37,29450.38,30444.93,1715109131.0802064,8,0.2923
2022-05-16,31328.89,31328.9,29087.04,29874.01,2185567735.6820626,14,0.1702
2022-05-13,29029.74,31083.37,28751.67,29287.05,2956855804.856112,10,0.0594
2022-05-12,29103.94,30243.0,26700.0,29029.75,5795451310.945578,12,0.0038
2022-05-11,31017.11,32162.59,27785.0,29103.94,6300295994.553139,12,0.0165
2022-05-10,30074.23,32658.99,29730.4,31017.1,5179856929.47993,10,0.0054
2022-05-09,34038.39,34243.15,30033.33,30076.31,6166367111.275724,11,0.0112
2022-05-06,36552.97,36675.63,35258.0,36013.77,2466507512.182029,22,0.0454
2022-05-05,39690.0,39845.51,35571.9,36552.97,3329684235.963952,27,0.1398
2022-05-04,37728.95,40023.77,37670.0,39690.0,2438553987.4535437,21,0.1596
2022-05-03,38525.16,38651.51,37517.8,37728.95,1539320434.2647235,27,0.0967
2022-05-02,38468.35,39167.34,38052.0,38525.16,2058450718.2963235,28,0.0207
2022-04-29,39742.06,39925.25,38175.0,38596.11,2006135662.8559992,23,0.0722
2022-04-28,39235.72,40372.63,38881.43,39742.07,2223808385.806376,24,0.042
2022-04-27,38112.64,39474.72,37881.31,39235.72,2218523642.4263873,21,0.0287
2022-04-26,40426.08,40797.31,37702.26,38112.65,2615206861.8349133,27,0.0229
2022-04-25,39450.12,40616.0,38200.0,40426.08,2470071005.2401423,23,0.0295
2022-04-22,40480.01,40795.06,39177.0,39709.18,1870172362.40225,26,0.0485
2022-04-21,41358.19,42976.0,39751.0,40480.01,2476061417.8872576,27,0.6733
2022-04-20,41493.19,42199.0,40820.0,41358.19,1697039284.0853007,27,1.7731
2022-04-19,40801.13,41760.0,40571.0,41493.18,1472363265.3621879,27,0.3473
2022-04-18,39678.11,41116.73,38536.51,40801.13,2153574975.9131336,24,0.489
2022-04-14,41147.78,41500.0,39551.94,39942.38,1494726286.0180101,28,0.5107
2022-04-13,40074.95,41561.31,39588.54,41147.79,1677171454.0910792,25,0.4564
2022-04-12,39530.45,40699.0,39254.63,40074.94,2309514071.593873,20,0.326
2022-04-11,42158.85,42414.71,39200.0,39530.45,2602039073.015044,32,0.2122
2022-04-08,43444.2,43970.62,42107.14,42252.01,1830699971.611312,37,0.5441
2022-04-07,43170.47,43900.99,42727.35,43444.19,1623879486.6600313,34,0.2605
2022-04-06,45497.54,45507.14,43121.0,43170.47,2700644700.890392,48,0.2619
2022-04-05,46580.5,47200.0,45353.81,45497.55,1951668192.9295096,53,1.0517
2022-04-04,46407.36,46890.71,45118.0,46580.51,2053434523.8685389,52,2.1063
2022-04-01,45510.35,46720.09,44200.0,46283.49,2556532890.870311,50,1.4605
2022-03-31,47067.99,47600.0,45200.0,45510.34,2262485160.568584,52,1.6301
2022-03-30,47434.79,47700.22,46445.42,47067.99,1932152559.8831124,55,4.8
2022-03-29,47122.21,48096.47,46950.85,47434.8,1748600385.4502351,56,1.581
2022-03-28,46827.76,48189.84,46663.56,47122.21,2789898402.616576,60,0.5395
2022-03-25,43991.46,45094.14,43579.0,44313.16,2421153187.6604123,47,0.9037
2022-03-24,42882.76,44220.89,42560.46,43991.46,2436258223.622338,40,0.9693
2022-03-23,42364.13,43025.96,41751.47,42882.76,1725787170.5823965,31,1.025
2022-03-22,41002.26,43361.0,40875.51,42364.13,2525975507.8012,26,1.1081
2022-03-21,41262.11,41544.22,40467.94,41002.25,1618789548.0684211,30,1.9344
2022-03-18,40917.89,42325.02,40135.04,41757.51,1862337033.4847207,25,1.035
2022-03-17,41114.01,41478.82,40500.0,40917.9,1521083189.7108624,27,0.7761
2022-03-16,39280.33,41718.0,38828.48,41114.0,3552563766.3655386,24,0.2528
2022-03-15,39671.37,39887.61,38098.33,39280.33,1796571984.458497,21,0.0692
2022-03-14,37777.35,39947.12,37555.0,39671.37,1821922588.4472065,23,0.0441
2022-03-11,39422.01,40236.26,38223.6,38729.57,2305825015.6010857,22,0.1715
2022-03-10,41941.7,42039.63,38539.73,39422.0,2853792081.107706,28,0.1825
2022-03-09,38730.63,42594.06,38656.45,41941.71,2797240840.960747,22,0.1855
2022-03-08,37988.01,39362.08,37867.65,38730.63,2147541837.688247,21,0.216
2022-03-07,38420.8,39547.57,37155.0,37988.0,2447310342.4666195,23,0.3827
2022-03-04,42454.0,42527.3,38550.0,39148.66,2527001270.7194686,33,0.4981
2022-03-03,43892.99,44101.12,41832.28,42454.0,2192152097.925188,39,0.832
2022-03-02,44421.2,45400.0,43334.09,43892.98,2550792948.288624,52,1.2828
2022-03-01,43160.0,44949.0,42809.98,44421.2,2701611023.69432,51,0.8195
2022-02-28,37699.08,44225.84,37450.17,43160.0,2975160226.168985,20,0.6538
2022-02-25,38328.68,39683.53,38014.37,39219.17,2197889580.2826686,27,0.6027
2022-02-24,37250.02,39843.0,34322.28,38327.21,4335107392.009488,23,0.0277
2022-02-23,38230.33,39249.93,37036.79,37250.01,1665486687.2399373,25,0.0583
2022-02-22,37008.16,38429.0,36350.0,38230.33,2010628230.7549176,20,0.089
2022-02-18,40515.71,40959.88,39450.0,39974.44,1765622365.952756,30,0.1292
2022-02-17,43873.56,44164.71,40073.21,40515.7,1993400162.9480667,52,0.1346
2022-02-16,44544.85,44549.97,43307.0,43873.56,1250973502.3018453,51,0.4012
2022-02-15,42535.94,44751.4,42427.03,44544.86,1672855933.625659,46,0.1878
2022-02-14,42053.65,42842.4,41550.56,42535.94,1436927831.4445863,46,0.0493
2022-02-11,43495.44,43920.0,41938.51,42373.73,1937866768.5059533,50,0.1786
2022-02-10,44372.71,45821.0,43174.01,43495.44,2772188373.222783,50,0.2464
2022-02-09,44043.0,44799.0,43117.92,44372.72,1512500139.1430995,54,0.6148
2022-02-08,43839.99,45492.0,42666.0,44042.99,2847485971.4977336,48,0.2396
2022-02-07,42380.87,44500.5,41645.85,43839.99,2204523609.903396,45,0.2663
2022-02-04,37311.98,41772.33,37026.73,41574.25,2526572562.0582848,20,0.2528
2022-02-03,36896.37,37387.0,36250.0,37311.61,1179502838.6566265,20,0.3733
2022-02-02,38694.59,38855.92,36586.95,36896.36,1353093948.9776013,28,1.3818
2022-02-01,38466.9,39265.2,38000.0,38694.59,1334266166.7099988,26,1.3125
2022-01-31,37881.75,38744.0,36632.61,38466.9,1386754529.0295446,20,0.2203
2022-01-28,37160.11,38000.0,36155.01,37716.56,1560203931.220128,24,0.0184
2022-01-27,36807.24,37234.47,35507.01,37160.1,1925920128.3436604,20,0.0839
2022-01-26,36958.32,38919.98,36234.63,36809.34,2627491976.6908574,23,0.2279
2022-01-25,36660.35,37545.14,35701.0,36958.32,1799224214.4997392,12,0.1132
2022-01-24,36244.55,37550.0,32917.17,36660.35,3192041586.1031895,13,0.0088
2022-01-21,40680.92,41100.0,35440.45,36445.31,3405501703.2219367,19,0.0152
2022-01-20,41660.0,43505.0,40553.31,40680.91,1784801200.404487,24,0.1212
2022-01-19,42352.12,42559.13,41138.56,41660.01,1327478459.1602297,24,0.1602
2022-01-18,42201.63,42691.0,41250.0,42352.12,1228459687.3994458,24,0.3244
2022-01-14,42558.35,43448.78,41725.95,43059.96,1392000443.3501675,21,0.5075
2022-01-13,43902.65,44500.0,42311.22,42560.11,1515944525.4954948,21,1.33
2022-01-12,42729.29,44322.0,42450.0,43902.66,1470906437.7120714,22,2.0
2022-01-11,41822.49,43100.0,41268.93,42729.29,1574803608.9600787,21,1.6842
2022-01-10,41864.62,42248.5,39650.0,41822.49,2088111339.5055964,23,0.4634
2022-01-07,43082.3,43145.83,40610.0,41566.48,2293851015.4652367,18,0.9619
2022-01-06,43451.14,43816.0,42430.58,43082.31,1674466154.4383326,15,0.3459
2022-01-05,45832.01,47070.0,42500.0,43451.13,2334288544.645448,24,1.1186
2022-01-04,46446.1,47557.54,45500.0,45832.01,1649170424.1276133,23,2.6938
2022-01-03,47286.18,47570.0,45696.0,46446.1,1292203508.3256547,29,3.3103
2021-12-31,47120.88,48548.26,45678.0,46216.93,1650715977.918517,28,3.119
2021-12-30,46464.66,47900.0,45900.0,47120.87,1428755720.4532027,22,2.9818
2021-12-29,47543.74,48139.08,46096.99,46464.66,1873785571.2732968,27,1.764
2021-12-28,50701.44,50704.05,47313.01,47543.74,2242102220.9310036,41,2.6935
2021-12-27,50775.48,52088.0,50449.0,50701.44,1471423612.091862,40,3.1162
2021-12-23,48588.17,51375.0,47920.42,50838.81,1738129830.7814522,34,3.6428
2021-12-22,48887.59,49576.13,48421.87,48588.16,1322418595.3337295,45,1.0535
2021-12-21,46914.17,49328.96,46630.0,48889.88,1827234149.05988,27,0.7049
2021-12-20,46681.24,47537.57,45558.85,46914.16,1663363117.8304534,25,0.0539
2021-12-17,47632.38,47995.96,45456.0,46131.2,2015966349.5161324,23,0.253
2021-12-16,48864.98,49436.43,47511.0,47632.38,1551200654.052745,29,1.134
2021-12-15,48336.95,49500.0,46547.0,48864.98,2487012309.0915494,28,0.3
2021-12-14,46702.76,48700.41,46290.0,48343.28,1887427362.4740968,21,0.2045
2021-12-13,50053.9,50189.97,45672.75,46702.75,2423888500.7903047,28,0.7416
2021-12-10,47535.9,50125.0,46852.0,47140.54,2135023722.8531516,24,0.7671
2021-12-09,50471.19,50797.76,47320.0,47545.59,1841474998.89511,29,0.9245
2021-12-08,50588.95,51200.0,48600.0,50471.19,1925458787.114752,28,4.3157
2021-12-07,50441.91,51936.33,50039.74,50588.95,1950573500.2086656,25,3.913
2021-12-06,49396.32,50891.11,47100.0,50441.92,2851528919.1795363,16,0.3868
2021-12-03,56484.26,57600.0,51680.0,53601.05,3246198505.9468513,31,0.1346
2021-12-02,57184.07,57375.47,55777.77,56480.34,2127110102.107309,32,0.0904
2021-12-01,56950.56,59053.55,56458.01,57184.07,2584928714.0757422,34,0.1476
2021-11-30,57776.25,59176.99,55875.55,56950.56,2823644073.021905,40,0.0928
2021-11-29,57274.89,58865.97,56666.67,57776.25,2313371348.113543,33,0.28
2021-11-26,58960.37,59150.0,53500.0,53726.53,3649353860.4295673,47,0.099
2021-11-24,57541.26,57735.0,55837.0,57138.29,2246374244.330568,42,0.839
2021-11-23,56243.83,58009.99,55317.0,57541.27,2837210673.4885187,33,0.3559
2021-11-22,58617.7,59444.0,55610.0,56247.18,2968622334.1376567,50,1.0465
2021-11-19,56891.62,58320.0,55600.0,58052.24,2896189975.910774,34,0.8303
2021-11-18,60344.86,60976.0,56474.26,56891.62,3644824179.1448526,54,1.0925
2021-11-17,60058.87,60840.23,58373.0,60344.87,2767802055.200423,52,1.2926
2021-11-16,63606.73,63617.31,58574.07,60058.87,4705744041.299647,71,3.0714
2021-11-15,65519.11,66401.82,63400.0,63606.74,2460915922.876128,72,3.75
2021-11-12,64774.25,65450.7,62278.0,64122.23,2844286547.5040407,74,3.4878
2021-11-11,64882.42,65600.07,64100.0,64774.26,2415537333.57771,77,2.0196
2021-11-10,66947.67,69000.0,62822.9,64882.43,4335575752.805224,75,3.7631
2021-11-09,67525.82,68524.25,66222.4,66947.66,3014326962.087268,84,5.8275
2021-11-08,63273.58,67789.0,63273.58,67525.83,3575716171.0442996,75,17.667
2021-11-05,61395.01,62595.72,60721.0,60937.12,1943346371.470386,73,12.083
2021-11-04,62896.49,63086.31,60677.01,61395.01,2218138026.7045407,73,8.7931
2021-11-03,63220.57,63500.0,60382.76,62896.48,2713389500.4663587,76,12.048
2021-11-02,60911.12,64270.0,60624.68,63219.99,2909221038.40065,73,5.8787
2021-11-01,61299.81,62437.74,59405.0,60911.11,2737282804.738131,74,10.45
2021-10-29,60575.9,62980.0,60174.81,62253.71,2706090987.3096256,70,3.3695
2021-10-28,58413.44,62499.0,57820.0,60575.89,3677629851.059607,66,3.0888
2021-10-27,60328.81,61496.0,58000.0,58413.44,3688306192.972418,73,1.8775
2021-10-26,63078.78,63293.48,59817.55,60328.81,2492606133.3189454,76,7.7692
2021-10-25,60852.22,63710.63,60650.0,63078.78,2309339650.1093802,72,8.48
2021-10-22,62193.15,63732.39,60000.0,60688.22,3229377744.3114257,75,9.409
2021-10-21,66001.4,66639.74,62000.0,62193.15,4407757970.879756,84,12.071
2021-10-20,64280.59,67000.0,63481.4,66001.41,3362878816.4045925,82,10.882
2021-10-19,62005.6,64486.0,61322.22,64280.59,3370863940.269437,75,5.0
2021-10-18,61528.32,62695.78,59844.45,62009.84,3195091233.4205527,78,3.0
2021-10-15,57347.94,62933.0,56850.0,61672.42,4959389368.726733,71,6.8333
2021-10-14,57370.83,58532.54,56818.05,57347.94,2481915791.591235,70,6.7826
2021-10-13,55996.91,57777.0,54167.19,57367.0,3123307687.477303,70,2.0285
2021-10-12,57471.35,57680.0,53879.0,55996.93,3017210682.8859496,78,1.4333
2021-10-11,54659.01,57839.04,54415.06,57471.35,2994673617.7236485,71,2.8333
2021-10-08,53785.22,56100.0,53617.61,53951.43,2522087625.0940795,74,2.4038
2021-10-07,55315.0,55332.31,53357.0,53785.22,2983143121.088643,76,2.0983
2021-10-06,51471.99,55750.0,50382.41,55315.0,4236927265.3815217,68,0.3578
2021-10-05,49224.93,51886.3,49022.4,51471.99,2618101829.0177226,59,1.6825
2021-10-04,48200.01,49536.12,46891.0,49224.94,2258464361.1263566,54,1.2083
2021-10-01,43820.01,48495.0,43283.03,48141.61,3076094886.5924745,27,1.1518
2021-09-30,41524.29,44141.37,41410.17,43824.1,2005486003.5646772,20,0.6463
2021-09-29,41025.01,42590.0,40753.88,41524.28,1399625476.0563765,24,0.8382
2021-09-28,42147.35,42787.38,40888.0,41026.54,1816305387.8388584,25,1.0
2021-09-27,43160.9,44350.0,42098.0,42147.35,1728912299.8034244,26,2.5106
2021-09-24,44865.26,45200.0,40675.0,42810.57,3596718231.050549,33,1.7727
2021-09-23,43546.37,44978.0,43069.09,44865.26,2147211305.4820888,27,3.0909
2021-09-22,40734.09,44000.55,40565.39,43543.61,2482639471.907596,21,2.72
2021-09-21,43016.64,43639.0,39600.0,40734.38,3551997786.6903553,27,0.826
2021-09-20,47241.75,47347.25,42500.0,43015.62,3457139274.300071,50,0.1704
2021-09-17,47737.81,48150.0,46699.56,47299.98,1637122049.4128375,48,2.5666
2021-09-16,48121.4,48557.0,47021.1,47737.82,1948447232.9107175,53,1.9574
2021-09-15,47103.28,48500.0,46682.32,48121.41,2056996398.8439617,49,1.5416
2021-09-14,44940.72,47250.0,44594.44,47111.52,2072259519.06192,30,1.1964
2021-09-13,46025.23,46880.0,43370.0,44940.73,2930668118.2616343,44,2.4444
2021-09-10,46395.14,47033.0,44132.29,44850.91,2243698626.039517,46,3.6666
2021-09-09,46048.31,47399.97,45513.08,46395.14,2351862983.518241,45,3.2
2021-09-08,46868.57,47340.99,44412.02,46048.31,3000605793.9389606,47,2.6216
2021-09-07,52666.2,52920.0,42843.05,46863.73,6004105772.870442,79,3.7647
2021-09-03,49246.63,51000.0,48316.84,49999.14,2949574478.071738,74,8.7727
2021-09-02,48810.51,50450.13,48584.06,49246.64,2704192314.674689,74,13.944
2021-09-01,47100.89,49156.0,46512.0,48810.52,2386074445.4158525,71,9.7894
2021-08-31,46982.91,48246.11,46700.0,47100.89,2303799571.3822727,73,4.4545
2021-08-30,48767.84,48888.61,46853.0,46982.91,1932344430.9239264,73,6.258
2021-08-27,46843.86,49149.93,46348.0,49069.9,2007071230.2199953,71,5.1562
2021-08-26,48973.32,49352.84,46250.0,46843.87,2333900030.229628,75,1.9761
2021-08-25,47674.01,49264.3,47126.28,48973.32,2149442271.5264206,73,3.9166
2021-08-24,49488.85,49860.0,47600.0,47674.01,2486079315.564424,79,2.2799
2021-08-23,49239.22,50500.0,49029.0,49488.85,2616721363.685172,79,1.56
2021-08-20,46760.62,49382.99,46622.99,49322.47,2721131744.277817,70,0.8229
2021-08-19,44699.37,47033.0,43927.7,46760.62,2416320067.133769,70,0.3983
2021-08-18,44695.95,46000.0,44203.28,44705.29,2439673265.947117,73,1.0277
2021-08-17,45901.3,47160.0,44376.0,44695.95,2616339597.9157424,72,0.87
2021-08-16,46973.82,48053.83,45660.0,45901.29,2462127629.6090236,72,1.8375
2021-08-13,44400.06,47886.0,44217.39,47800.0,2239435701.1177917,70,3.8409
2021-08-12,45510.67,46218.12,43770.0,44399.0,2478758524.864176,70,3.7674
2021-08-11,45585.0,46743.47,45341.14,45511.0,2432788769.8326964,70,5.2941
2021-08-10,46248.87,46700.0,44589.46,45584.99,2452485823.933654,71,3.3333
2021-08-09,43794.36,46454.15,42779.0,46253.4,3362870286.2581177,65,3.7931
2021-08-06,40862.46,43392.43,39853.86,42836.87,3148022459.916158,52,5.2285
2021-08-05,39723.17,41350.0,37332.7,40862.46,3314527738.3397326,50,3.5094
2021-08-04,38207.04,39969.66,37508.56,39723.18,2028792778.184805,42,3.9756
2021-08-03,39146.86,39780.0,37642.03,38207.05,2195360658.567329,48,5.0
2021-08-02,39850.27,40480.01,38690.0,39147.82,2010928003.5944088,48,7.7407
2021-07-30,40018.49,42316.71,38313.23,42206.37,2939833541.3815365,53,5.4444
2021-07-29,40019.57,40640.0,39200.0,40016.48,2154190697.345318,50,8.625
2021-07-28,39456.61,40900.0,38772.0,40019.56,4040889461.661528,50,4.0714
2021-07-27,37241.33,39542.61,36383.0,39457.87,3335658261.9955463,32,1.5076
2021-07-26,35381.02,40550.0,35205.78,37237.6,5832475057.065676,26,1.8358
2021-07-23,32287.58,33650.0,31924.32,33634.09,1631947003.0730464,23,2.94
2021-07-22,32144.51,32591.35,31708.0,32287.83,1482763544.9505365,21,3.5
2021-07-21,29790.34,32858.0,29482.61,32144.51,2603140706.0822244,10,6.2777
2021-07-20,30839.65,31063.07,29278.0,29790.35,1821230700.0203912,19,3.2
2021-07-19,31778.57,31899.0,30407.44,30839.65,1470563281.9365027,24,0.2083
2021-07-16,31874.49,32249.18,31020.0,31383.87,1538342711.5796568,22,2.6585
2021-07-15,32820.03,33185.25,31133.0,31880.0,1652077965.43656,20,2.2307
2021-07-14,32729.12,33114.03,31550.0,32820.02,1515692074.9875476,21,3.1666
2021-07-13,33086.94,33340.0,32202.25,32729.77,1348583017.0103433,20,7.3684
2021-07-12,34259.0,34678.43,32658.34,33086.63,1620646741.334963,25,14.929
2021-07-09,32875.71,34100.0,32261.07,33815.81,1562958239.3913763,20,15.2
2021-07-08,33862.11,33929.64,32077.0,32875.71,2304973020.298715,20,1.5079
2021-07-07,34220.02,35059.09,33777.77,33862.12,1857658028.480804,28,5.5526
2021-07-06,33690.15,35118.88,33532.0,34220.01,1991691100.9482656,20,7.1538
2021-07-02,33502.33,33977.04,32699.0,33786.55,1870193042.3935368,21,12.688
2021-07-01,35045.0,35057.57,32711.0,33504.69,2410809595.3904567,28,21.9
2021-06-30,35911.72,36100.0,34017.55,35045.0,2688939291.0956726,28,17.083
2021-06-29,34494.89,36600.0,34225.43,35911.73,3233947791.8633885,25,24.667
2021-06-28,34702.49,35297.71,33862.72,34494.89,2837122779.5244017,25,8.8235
2021-06-25,34663.08,35500.0,31275.0,31584.45,3846120542.6572967,27,35.5
2021-06-24,33675.07,35298.0,32286.57,34663.09,2925373222.1059766,22,28.428
2021-06-23,32509.56,34881.0,31683.0,33678.07,4282250433.919445,14,17.7
2021-06-22,31614.12,33298.78,28805.0,32509.56,6406159197.076789,10,7.8333
2021-06-21,35600.17,35750.0,31251.23,31608.93,5545926077.788067,23,4.1923
2021-06-18,38092.97,38202.84,35129.29,35819.84,3507868126.3062024,25,2.5862
2021-06-17,38349.0,39559.88,37365.0,38092.97,3065622530.039886,26,5.875
2021-06-16,40143.8,40527.14,38116.01,38349.01,3450556041.6005836,33,8.409
2021-06-15,40516.28,41330.0,39506.4,40144.04,3247746713.6274095,38,13.071
2021-06-14,39020.56,41064.05,38730.0,40516.29,4320307646.765389,28,22.667
2021-06-11,36677.83,37680.4,35936.77,37331.98,2903043643.310072,21,20.833
2021-06-10,37388.05,38491.0,35782.0,36675.72,4062957162.3643,21,41.5
2021-06-09,33380.8,37534.79,32396.82,37388.05,4794741674.438823,14,74.6
2021-06-08,33556.96,34068.01,31000.0,33380.81,4030784324.609684,13,39.8
2021-06-07,35796.31,36900.0,33300.0,33552.79,2755673601.7139134,15,38.4
2021-06-04,39246.78,39289.07,35555.15,36829.0,3379399754.9305224,27,44.286
2021-06-03,37568.68,39476.0,37170.0,39246.79,2930945325.709207,24,11.941
2021-06-02,36694.85,38225.0,35920.0,37568.68,2523462575.6884375,23,48.25
2021-06-01,37253.82,37894.81,35666.0,36693.09,2973928300.375587,20,19.478
2021-05-28,38529.99,38877.83,34684.0,35663.49,4926260941.933613,21,13.235
2021-05-27,39241.92,40411.14,37134.27,38529.98,3361413526.0535436,27,9.2
2021-05-26,38324.72,40841.0,37800.44,39241.91,4113717505.2635546,22,6.4166
2021-05-25,38810.99,39791.77,36419.62,38324.72,4253519579.378729,22,7.3846
2021-05-24,34681.44,39920.0,34031.0,38796.29,5996773032.151345,10,7.7692
2021-05-21,40525.39,42200.0,33488.0,37252.01,7713346610.274128,19,10.529
2021-05-20,36671.23,42451.67,34850.0,40526.64,8019897067.176221,11,5.2857
2021-05-19,42849.78,43584.9,30000.0,36690.09,13477694934.871796,23,1.5151
2021-05-18,43538.02,45799.29,42250.02,42849.78,5146670282.547901,21,9.5
2021-05-17,46426.83,46686.0,42001.0,43538.04,7346755531.933858,27,4.3658
2021-05-14,49671.92,51483.0,48799.75,49841.45,4015904915.4079113,26,3.75
2021-05-13,49537.15,51367.19,46000.0,49670.97,7303694688.601401,31,0.5
2021-05-12,56670.02,58000.01,48600.0,49631.32,5476115093.110468,68,1.2931
2021-05-11,55816.14,56862.43,54370.0,56670.02,3583030654.763019,61,0.7894
2021-05-10,58240.83,59500.0,53400.0,55816.14,5131782639.966137,72,13.712
2021-05-07,56393.68,58650.0,55241.63,57314.75,4239374487.474772,64,24.0
2021-05-06,57436.11,58360.0,55200.0,56393.68,3992289527.7370977,65,10.54
2021-05-05,53205.05,58069.82,52900.0,57436.11,4327994296.151437,48,20.55
2021-05-04,57169.39,57200.0,53046.69,53200.01,4705402064.300975,68,10.25
2021-05-03,56578.21,58981.44,56435.0,57169.39,3337604542.627381,61,20.778
2021-04-30,53555.0,57963.0,53013.01,57694.27,3808187372.73938,51,8.1153
2021-04-29,54846.23,55195.84,52330.94,53555.0,2823220335.476041,52,26.118
2021-04-28,55011.97,56428.0,53813.16,54846.22,3020242787.5066776,59,15.55
2021-04-27,54001.38,55460.0,53222.0,55011.97,2949719328.3669896,50,20.583
2021-04-26,49066.76,54356.62,48753.44,54001.39,4555688503.3973875,27,24.688
2021-04-23,51690.95,52131.85,47500.0,51125.14,6571097317.467918,55,22.071
2021-04-22,53787.62,55521.48,50500.0,51690.96,5594983857.318092,65,17.643
2021-04-21,56425.0,56757.91,53536.02,53787.63,3704549578.6973033,73,5.5609
2021-04-20,55633.14,57076.24,53329.96,56425.0,4037701391.6195264,73,4.0227
2021-04-19,56150.01,57526.81,54221.58,55633.14,4398619580.647143,74,7.375
2021-04-16,63158.74,63520.61,60000.0,61334.8,5647292669.615493,78,20.619
2021-04-15,62959.53,63800.0,62020.0,63159.98,3248931738.293182,79,12.72
2021-04-14,63575.01,64854.0,61301.0,62959.53,5239081228.156977,75,15.368
2021-04-13,59860.01,63777.77,59805.15,63575.0,5154877375.389618,74,14.938
2021-04-12,59998.8,61300.0,59350.59,59860.0,3393042867.8714666,74,17.941
2021-04-09,58077.52,58894.9,57654.0,58142.54,2378340697.289584,70,17.8
2021-04-08,55953.44,58153.31,55700.0,58077.52,2531779682.552427,73,27.222
2021-04-07,57990.03,58655.0,55473.0,55953.45,4053294016.484514,72,22.3
2021-04-06,59129.99,59495.24,57413.02,57991.15,3166911557.1481576,75,40.714
2021-04-05,58202.01,59272.0,56777.77,59129.99,3155214764.164485,71,21.2
2021-04-01,58739.46,59490.0,57935.45,58720.44,2789238879.943373,74,17.364
2021-03-31,58746.57,59800.0,56769.0,58740.55,3575976083.804576,76,12.533
2021-03-30,57635.46,59368.0,57071.35,58746.57,3221944107.4550304,72,3.2162
2021-03-29,55777.65,58405.82,54800.01,57635.47,3877131109.7346454,72,10.7
2021-03-26,51293.78,55073.46,51214.6,55025.59,3397036140.751637,54,7.6666
2021-03-25,52303.66,53287.0,50427.56,51293.78,4536327184.957861,60,0.3043
2021-03-24,54342.8,57200.0,51700.0,52303.65,4583159614.046461,65,0.5426
2021-03-23,54083.25,55830.9,53000.0,54340.89,3264650774.817461,66,0.566
2021-03-22,57351.56,58430.73,53650.0,54083.25,3527479514.3256526,70,3.9666
2021-03-19,57641.0,59468.0,56270.74,58030.01,3052711147.9349246,71,2.7631
2021-03-18,58912.97,60129.97,57023.0,57648.16,3900885761.2128057,72,9.9411
2021-03-17,56900.74,58974.73,54123.69,58912.97,3960992972.154292,71,8.6923
2021-03-16,55605.2,56938.29,53271.34,56900.75,4304259207.6451,71,15.133
2021-03-15,58976.08,60633.43,54600.0,55605.2,5874241052.093372,76,30.8
2021-03-12,57773.15,58081.51,54962.84,57221.72,4162054726.378839,70,37.308
2021-03-11,55851.59,58150.0,54272.82,57773.16,4612366201.00222,73,73.0
2021-03-10,54874.67,57387.69,53005.0,55851.59,4700197563.359213,68,28.0
2021-03-09,52375.18,54895.0,51789.41,54884.5,3861450964.654904,81,30.889
2021-03-08,50959.11,52402.78,49274.67,52375.17,3400847931.036074,81,30.733
2021-03-05,48374.09,49448.93,46300.0,48751.71,3727133104.8373103,77,2.3118
2021-03-04,50349.37,51773.88,47500.0,48374.09,4079837240.8567615,84,1.0389
2021-03-03,48436.61,52640.0,48100.71,50349.37,4109521257.5407,78,3.9428
2021-03-02,49595.76,50200.0,47047.6,48440.65,3120472069.909453,78,1.6966
2021-03-01,45134.11,49790.0,44950.53,49587.03,4057515794.865728,38,8.72
2021-02-26,47073.73,48424.11,44106.78,46276.87,5086374532.734615,55,0.8769
2021-02-25,49676.21,52041.73,46674.34,47073.73,4152188728.1416154,79,4.7704
2021-02-24,48891.0,51374.99,46988.69,49676.2,4574033001.379536,76,18.762
2021-02-23,54087.67,54183.59,44892.56,48891.0,8215839131.243385,94,4.7674
2021-02-22,57412.35,57508.47,47622.0,54087.67,7213386720.436797,94,22.133
2021-02-19,51552.61,56368.0,50710.2,55906.0,4251167827.6842465,93,28.875
2021-02-18,52117.67,52530.0,50901.9,51552.6,3149973077.4874654,91,9.1818
2021-02-17,49133.45,52618.74,48947.0,52119.71,4365831514.815297,95,16.4
2021-02-16,47911.1,50689.18,47003.62,49133.45,4349983777.692368,95,42.444
2021-02-12,47968.66,48985.8,46125.0,47287.6,4080571908.9676614,92,48.8
2021-02-11,44807.58,48678.9,43994.02,47969.51,4185630934.4108953,93,30.25
2021-02-10,46420.42,47310.0,43727.0,44807.58,4431650130.251104,92,57.167
2021-02-09,46374.86,48142.19,44961.09,46420.42,5386255398.017187,95,166.0
2021-02-08,38795.69,46794.45,37988.89,46374.87,5881536976.635699,83,157.5
2021-02-05,36936.65,38310.12,36570.0,38290.24,2509278291.7515864,81,143.0
2021-02-04,37620.26,38708.27,36161.95,36936.66,3452669022.153292,80,69.0
2021-02-03,35472.71,37662.63,35362.38,37618.87,2951232788.1843047,78,138.0
2021-02-02,33517.09,35984.33,33418.0,35466.24,2716321896.3176084,76,132.0
2021-02-01,33092.97,34717.27,32296.16,33526.37,2791776658.0056057,77,44.5
2021-01-29,33368.18,38531.9,31915.4,34252.2,8195593336.228466,77,10.8
2021-01-28,30362.19,33783.98,29842.1,33364.86,2953553214.0656815,55,6.8888
2021-01-27,32464.01,32557.29,29241.72,30366.15,2958081421.641559,78,3.5757
2021-01-26,32254.19,32921.88,30837.37,32467.77,2708545364.494641,71,49.0
2021-01-25,32259.45,34875.0,31910.0,32254.2,2958759288.5635686,74,143.5
2021-01-22,30851.99,33826.53,28850.0,32945.17,4483295872.022273,40,81.5
2021-01-21,35468.23,35600.0,30071.0,30850.13,4281220573.9354296,75,212.0
2021-01-20,35901.94,36415.31,33400.0,35468.23,3126721093.520776,78,231.0
2021-01-19,36622.46,37850.0,35844.06,35891.49,2935348499.344214,80,67.667
2021-01-15,39145.21,39747.76,34408.0,36742.22,4371588898.681637,88,26.75
2021-01-14,37371.38,40100.0,36701.23,39144.5,3974826638.1450887,83,116.67
2021-01-13,34049.15,37850.0,32380.0,37371.38,4322876606.419625,78,139.0
2021-01-12,35410.37,36628.0,32531.0,34051.24,4651302423.484116,84,32.182
2021-01-11,38150.02,38264.74,30420.0,35404.47,8426879770.740009,90,36.6
2021-01-08,39432.48,41950.0,36500.0,40582.81,5568443208.731365,93,322.0
2021-01-07,36769.36,40365.0,36300.0,39432.28,5062569943.383372,91,75.0
2021-01-06,33949.53,36939.21,33288.0,36769.36,4431954248.519614,95,62.333
2021-01-05,31989.75,34360.0,29900.0,33949.53,3743617144.6469154,93,28.5
2021-01-04,33000.05,33600.0,28130.0,31988.71,4429010349.695345,94,33.4
2020-12-31,28875.55,29300.0,27850.0,28923.63,2173600125.4200735,95,30.6
2020-12-30,27385.0,28996.0,27320.0,28875.54,2683953237.460271,91,66.5
2020-12-29,27079.42,27410.0,25880.0,27385.0,1851617219.7682345,91,21.4
2020-12-28,26281.54,27500.0,26101.0,27079.41,2151806808.5743523,92,50.0
2020-12-24,23232.39,23794.43,22703.42,23729.2,1602394244.0767715,86,95.5
2020-12-23,23810.79,24100.0,22600.0,23232.76,2797688007.0718794,93,70.0
2020-12-22,22719.88,23837.1,22353.4,23810.79,2010758620.2435267,88,74.0
2020-12-21,23455.54,24102.77,21815.0,22719.71,2035446293.9289708,92,29.5
2020-12-18,22797.15,23285.18,22350.0,23107.39,1820875361.2945976,95,67.5
2020-12-17,21335.52,23800.0,21230.0,22797.16,4196645567.4258766,92,41.0
2020-12-16,19426.43,21560.0,19278.6,21335.52,2325135958.641841,92,23.5
2020-12-15,19273.69,19570.0,19050.0,19426.43,1196361527.9258018,91,31.2
2020-12-14,19174.99,19349.0,19000.0,19273.14,906101687.739595,95,110.5
2020-12-11,18254.81,18292.73,17572.33,18036.53,1301081647.3079,89,100.5
2020-12-10,18541.29,18557.32,17911.12,18254.63,966149529.000607,94,59.333
2020-12-09,18324.11,18639.57,17650.0,18541.28,1450130664.0645843,86,167.5
2020-12-08,19166.9,19294.84,18200.0,18324.11,1160658077.404659,95,83.0
2020-12-07,19358.67,19420.91,18902.88,19166.9,793517668.6839459,94,143.0
2020-12-04,19422.34,19527.0,18565.31,18650.52,1358079975.025498,92,69.75
2020-12-03,19204.08,19598.0,18867.2,19421.9,1286548310.8267057,92,90.5
2020-12-02,18764.96,19342.0,18330.0,19204.09,1436895344.8259497,92,21.0
2020-12-01,19695.87,19888.0,18001.12,18764.96,2446070334.8287983,95,54.0
2020-11-30,18185.0,19863.16,18184.99,19695.87,2205929119.505336,88,42.5
2020-11-27,17149.47,17457.62,16438.08,17139.52,1446670351.435088,86,191.0
2020-11-25,19160.0,19484.21,18500.27,18719.11,1774870796.2882328,94,141.0
2020-11-24,18368.01,19418.97,18018.0,19160.01,2145301450.4579408,88,71.5
2020-11-23,18413.88,18766.0,18000.0,18368.0,1529064319.6694436,90,67.333
2020-11-20,17802.81,18815.22,17740.04,18655.67,1623135138.5910714,86,19.2
2020-11-19,17777.75,18179.8,17335.65,17802.82,1656794228.8537636,94,12.833
2020-11-18,17659.38,18476.93,17214.45,17776.12,2663337935.5002985,91,54.0
2020-11-17,16713.08,17858.82,16538.0,17659.38,1982752071.450512,86,136.0
2020-11-16,15957.0,16880.0,15864.0,16713.57,1335728013.9057603,90,66.0
2020-11-13,16291.85,16480.0,15952.35,16320.7,1230358611.1248891,89,12.2
2020-11-12,15684.25,16340.7,15440.64,16291.86,1628755508.6741984,87,4.7142
2020-11-11,15297.21,15965.0,15272.68,15684.24,1226425496.3618553,86,6.7142
2020-11-10,15328.41,15460.0,15072.46,15297.21,943615126.0891505,90,6.8
2020-11-09,15475.1,15840.0,14805.54,15328.41,1670447935.5141788,90,28.75
2020-11-06,15590.02,15960.0,15166.0,15579.92,1909660728.8229203,90,6.0909
2020-11-05,14144.01,15750.0,14093.56,15590.02,2131865609.2908912,72,9.4117
2020-11-04,14023.53,14259.0,13525.0,14144.01,1293872665.4179618,74,6.5714
2020-11-03,13549.63,14066.11,13284.99,14023.53,1009402087.7104616,71,4.7692
2020-11-02,13761.49,13830.0,13195.05,13549.37,873629993.8313928,71,1.1034
2020-10-30,13455.69,13669.98,13115.0,13560.1,946818817.5575091,74,0.2968
2020-10-29,13266.4,13642.91,12920.77,13455.7,997867948.8609744,67,0.2298
2020-10-28,13636.16,13859.48,12888.0,13266.4,1263487952.9951568,70,0.1428
2020-10-27,13052.15,13789.29,13019.87,13636.17,1085214437.7511137,61,0.9117
2020-10-26,13029.64,13238.81,12765.0,13052.19,794395722.4533454,75,0.3111
2020-10-23,12968.84,13027.69,12720.08,12923.07,650680239.1101469,74,3.3333
2020-10-22,12780.75,13185.0,12678.08,12968.52,905778888.8702905,73,1.8846
2020-10-21,11910.0,13217.68,11886.95,12780.96,1437122186.6339953,61,2.3846
2020-10-20,11751.46,12038.38,11677.59,11909.99,737425592.0819716,56,5.9166
2020-10-19,11503.14,11823.99,11407.96,11751.47,550728683.7992793,55,4.0952
2020-10-16,11505.13,11541.15,11200.0,11319.32,553211001.6122569,52,13.556
2020-10-15,11417.89,11617.34,11250.83,11505.12,556436445.5576282,56,3.65
2020-10-14,11420.57,11547.98,11280.0,11417.89,472007015.72093433,53,4.6315
2020-10-13,11528.24,11557.0,11300.0,11420.56,482663390.72403574,56,5.8823
2020-10-12,11369.02,11720.01,11172.0,11528.25,604779845.7920177,52,13.571
2020-10-09,10925.44,11104.64,10829.0,11050.64,530822321.51623464,48,10.47
2020-10-08,10666.4,10950.0,10530.41,10925.57,559311760.4414803,46,11.571
2020-10-07,10599.65,10681.87,10546.17,10666.39,348298562.85686266,43,5.9565
2020-10-06,10792.2,10800.0,10525.0,10599.66,520051256.0821992,47,8.2222
2020-10-05,10666.62,10798.0,10615.64,10792.21,364158510.23798054,42,5.409
2020-10-02,10619.13,10664.64,10374.0,10570.4,526864379.3093653,41,1.8108
2020-10-01,10776.59,10920.0,10437.0,10619.13,652168989.4617349,45,3.5454
2020-09-30,10840.58,10849.34,10665.13,10776.59,425279696.28526336,49,5.0
2020-09-29,10696.11,10867.54,10635.87,10840.48,449345822.46022886,45,5.0909
2020-09-28,10774.26,10950.0,10626.0,10696.12,544463219.5978093,43,4.9
2020-09-25,10736.33,10760.53,10556.24,10686.67,512647249.14932007,46,0.64
2020-09-24,10241.46,10795.24,10190.93,10736.32,604520870.055638,39,0.125
2020-09-23,10529.61,10537.15,10136.82,10241.46,539362015.157462,43,0.5185
2020-09-22,10417.22,10572.71,10353.0,10529.61,460362500.7284081,39,1.1538
2020-09-21,10920.28,10988.86,10296.35,10417.22,751020795.2358837,48,0.4523
2020-09-18,10940.0,11038.03,10812.84,10933.39,516147935.6692284,49,3.0
2020-09-17,10954.01,11045.46,10745.83,10939.99,605010288.7799246,48,4.1818
2020-09-16,10785.23,11093.0,10661.22,10954.01,708644989.4830699,43,12.714
2020-09-15,10671.77,10930.04,10606.48,10785.31,666457161.1491377,47,10.0
2020-09-14,10332.84,10750.0,10212.34,10671.77,706175591.3866128,39,5.0
2020-09-11,10336.86,10397.6,10200.0,10387.89,451241002.66033614,41,1.3333
2020-09-10,10219.29,10483.35,10070.83,10336.87,602390078.4922807,38,2.5909
2020-09-09,10126.66,10343.0,9981.01,10219.2,503082625.2147909,38,2.3125
2020-09-08,10373.45,10438.0,9850.0,10126.65,742947901.9712393,41,1.0416
2020-09-04,10138.29,10627.05,9875.5,10446.25,959925718.3512753,40,1.55
2020-09-03,11388.54,11462.6,9960.8,10140.85,1325106403.3158674,79,3.1428
2020-09-02,11921.97,11954.57,11160.1,11388.54,1005391012.1338753,83,13.75
2020-09-01,11649.51,12050.85,11515.0,11921.97,928047313.4889666,75,7.0
2020-08-31,11711.17,11800.77,11570.0,11649.51,646723855.5714536,75,8.5555
2020-08-28,11330.38,11542.65,11276.89,11526.91,525606229.654251,74,5.8333
2020-08-27,11461.42,11592.2,11125.0,11330.38,717474981.6640126,75,8.4166
2020-08-26,11318.42,11539.32,11244.0,11461.43,615452789.9673375,76,8.0909
2020-08-25,11748.19,11767.85,11117.64,11318.42,797034671.6452801,75,7.2727
2020-08-24,11648.12,11824.9,11585.09,11748.2,542298951.538298,78,9.7
2020-08-21,11853.54,11878.0,11485.81,11531.34,755451999.6540914,81,2.2413
2020-08-20,11754.38,11888.0,11668.0,11853.55,543576025.0485107,75,2.7
2020-08-19,11945.1,12020.08,11561.0,11754.59,870612801.5295693,80,4.1904
2020-08-18,12281.15,12387.77,11817.93,11945.01,920402307.1768104,82,9.0909
2020-08-17,11910.99,12468.0,11769.78,12281.13,1026883452.894772,83,8.2727
2020-08-14,11779.77,11850.0,11634.03,11760.54,702273220.6964157,78,6.2857
2020-08-13,11564.34,11792.96,11270.36,11780.0,809611114.2132485,75,19.667
2020-08-12,11392.09,11617.52,11150.0,11564.33,743303608.0999826,75,88.0
2020-08-11,11892.9,11935.0,11125.0,11392.08,1049615697.1379416,84,39.333
2020-08-10,11681.69,12067.35,11450.0,11892.92,1009169063.3832128,78,24.6
2020-08-07,11762.47,11909.94,11322.0,11594.23,767005529.2821208,77,12.25
2020-08-06,11744.91,11900.0,11562.5,11762.46,746479211.7155949,79,18.833
2020-08-05,11191.99,11780.93,11093.0,11744.91,861433645.4244397,75,37.5
2020-08-04,11219.68,11414.98,11000.0,11191.97,658084242.6797222,72,10.1
2020-08-03,11071.36,11473.0,10936.0,11219.81,641127593.2614517,75,7.2222
2020-07-31,11099.79,11444.0,10960.0,11335.46,786344325.8552314,75,4.3684
2020-07-30,11100.52,11170.0,10831.0,11099.61,669779541.8872833,76,6.3846
2020-07-29,10906.27,11342.82,10812.0,11100.53,853242253.6158236,71,9.4615
2020-07-28,11029.96,11242.23,10565.0,10906.27,1065375500.1891888,76,10.0
2020-07-27,9931.54,11394.86,9917.21,11029.96,1580355372.0991797,58,14.0
2020-07-24,9603.27,9637.0,9463.44,9537.8,419240263.5218282,53,9.0
2020-07-23,9518.16,9664.0,9440.33,9603.27,494282948.7336824,55,13.889
2020-07-22,9390.0,9544.0,9261.0,9518.16,457776105.6155714,50,22.8
2020-07-21,9160.78,9437.73,9152.8,9390.0,563360524.7994282,44,47.0
2020-07-20,9208.99,9221.52,9131.0,9160.78,325297289.27265835,44,11.3
2020-07-17,9133.72,9186.83,9089.81,9154.32,256360345.57676795,41,81.0
2020-07-16,9197.6,9226.15,9047.25,9133.72,395883667.0248003,43,9.6666
2020-07-15,9255.85,9276.49,9160.57,9197.6,360201683.49480516,44,24.75
2020-07-14,9242.61,9279.54,9113.0,9255.85,421789086.45494735,43,2.25
2020-07-13,9303.31,9343.82,9200.89,9242.62,396614086.7962699,43,19.833
2020-07-10,9232.42,9317.48,9125.0,9288.34,352238898.7694825,41,9.25
2020-07-09,9436.06,9440.79,9160.0,9232.43,447640493.54432976,44,5.3125
2020-07-08,9257.4,9470.0,9231.0,9436.06,525344876.6999235,44,7.1818
2020-07-07,9342.47,9379.42,9203.0,9257.39,320576525.3553498,43,11.0
2020-07-06,9069.41,9375.0,9055.92,9344.2,502548376.20946366,40,32.0
2020-07-02,9231.99,9261.96,8940.0,9086.54,417724468.8873568,42,30.333
2020-07-01,9138.08,9292.0,9080.1,9232.0,354087627.1696612,42,25.0
2020-06-30,9192.93,9205.0,9064.89,9138.55,287781334.51701576,44,9.6666
2020-06-29,9116.16,9238.0,9024.67,9192.56,384206326.4706804,41,23.0
2020-06-26,9249.49,9298.0,9045.45,9162.21,461347064.8295031,40,2.6923
2020-06-25,9298.33,9340.0,9009.69,9249.49,514396747.4047828,43,1.5625
2020-06-24,9624.33,9670.0,9208.0,9296.49,579426702.7966821,50,1.25
2020-06-23,9685.69,9720.0,9577.03,9624.89,395487616.460878,41,21.0
2020-06-22,9294.69,9780.0,9277.09,9685.69,550995799.0694705,38,10.667
2020-06-19,9386.32,9438.3,9215.79,9310.23,423086965.1927383,39,11.333
2020-06-18,9465.13,9489.0,9280.0,9386.32,351649555.0725387,40,9.5
2020-06-17,9526.97,9565.0,9236.61,9465.14,453209812.22578067,38,57.0
2020-06-16,9426.05,9589.0,9373.09,9525.59,494458269.13979113,39,44.0
2020-06-15,9342.1,9495.0,8910.45,9426.02,793518842.5509843,37,4.5
2020-06-12,9278.88,9557.12,9232.51,9465.13,472007894.37567526,38,6.0
2020-06-11,9885.22,9964.0,9113.0,9280.4,902075648.5453848,52,2.0
2020-06-10,9772.44,9992.72,9704.18,9885.0,462384305.3511994,54,40.0
2020-06-09,9782.0,9877.0,9570.0,9772.43,447208895.8386984,52,12.0
2020-06-08,9746.99,9800.0,9633.0,9782.01,395459395.8213373,53,14.25
2020-06-05,9788.14,9854.75,9581.0,9621.16,465200788.2036338,53,64.0
2020-06-04,9666.32,9881.63,9450.0,9789.06,557234945.6467389,54,13.667
2020-06-03,9518.02,9690.0,9365.21,9666.24,441928818.0430156,48,35.5
2020-06-02,10202.71,10228.99,9266.0,9518.04,1070060237.1302092,56,14.0
2020-06-01,9448.27,10380.0,9421.67,10200.77,749707596.6593573,50,10.0
2020-05-29,9575.87,9605.26,9330.0,9427.07,542758086.6064701,48,2.0769
2020-05-28,9204.07,9625.47,9110.0,9575.89,693930106.1813825,41,37.0
2020-05-27,8841.0,9225.0,8811.73,9204.07,624660855.7800369,39,3.0
2020-05-26,8900.35,9017.67,8700.0,8841.18,516455128.890688,39,14.0
2020-05-22,9067.51,9271.0,8933.52,9170.0,537847834.4967086,42,3.7142
2020-05-21,9511.43,9578.47,8815.0,9068.65,1002046265.9412596,49,5.0
2020-05-20,9775.13,9842.0,9326.0,9511.43,721190802.7634026,52,4.8571
2020-05-19,9733.93,9897.21,9474.0,9775.53,760713946.0085461,50,3.1111
2020-05-18,9681.11,9950.0,9464.23,9733.93,797622297.3261682,50,5.625
2020-05-15,9791.97,9845.62,9150.0,9316.42,1099721375.8919055,44,1.7058
2020-05-14,9309.35,9939.0,9256.76,9791.98,1247456797.813666,40,0.1442
2020-05-13,8810.99,9398.0,8792.99,9309.37,839725719.9602077,41,0.2222
2020-05-12,8562.04,8978.26,8528.78,8810.79,760195457.0509585,39,1.44
2020-05-11,8722.77,9168.0,8200.0,8561.52,1468392820.7608037,40,2.4285
2020-05-08,9986.3,10035.96,9705.0,9800.01,997005843.7404792,55,5.1666
2020-05-07,9143.4,10067.0,9021.0,9986.4,1409783462.006364,49,1.8
2020-05-06,9021.36,9395.0,8906.21,9142.92,972793508.4649074,42,1.2631
2020-05-05,8871.92,9118.58,8760.0,9021.83,683083018.8779808,40,3.2857
2020-05-04,8894.15,8950.0,8522.0,8871.96,738343818.6939254,44,0.5
2020-05-01,8620.0,9059.18,8613.56,8826.96,805640126.6308703,40,1.0
2020-04-30,8778.58,9460.0,8401.0,8620.0,1839283907.4625196,44,8.5
2020-04-29,7738.58,8952.89,7710.05,8778.57,1536390177.0449488,26,6.0
2020-04-28,7773.51,7780.0,7659.12,7738.98,357391780.9307627,26,7.75
2020-04-27,7693.1,7792.02,7606.0,7774.62,504025811.6512536,28,3.4444
2020-04-24,7483.96,7615.96,7388.0,7505.0,452118137.7940016,20,0.6086
2020-04-23,7125.12,7738.0,7020.0,7482.39,756320213.5858521,19,1.1666
2020-04-22,6841.36,7156.38,6818.0,7125.14,431271646.1755991,19,0.7272
2020-04-21,6828.98,6940.0,6762.0,6841.37,411800606.08159715,17,0.258
2020-04-20,7121.4,7220.0,6751.0,6826.83,629612368.7476892,15,1.3571
2020-04-17,7101.99,7148.12,6972.98,7027.55,382334236.1694789,15,1.9
2020-04-16,6621.25,7190.0,6468.27,7101.94,865277543.3946935,13,0.625
2020-04-15,6868.57,6933.0,6605.0,6621.24,416947490.61569566,18,0.4545
2020-04-14,6838.04,6978.0,6754.28,6868.7,474794776.19211113,15,3.5
2020-04-13,6903.79,6903.79,6575.0,6837.91,649390681.2485026,11,1.2222
2020-04-09,7360.26,7371.92,7108.08,7283.54,444741085.9037586,22,6.0
2020-04-08,7197.32,7420.0,7150.0,7361.28,555122600.275026,21,1.1666
2020-04-07,7329.9,7459.69,7077.0,7197.32,757201786.6976631,20,0.4375
2020-04-06,6772.78,7355.14,6765.0,7329.9,837357664.6519214,12,0.3
2020-04-03,6793.86,7048.0,6602.1,6734.1,710254017.100272,14,0.0111
2020-04-02,6643.36,7198.0,6551.0,6794.09,1014494762.4416422,14,0.017
2020-04-01,6412.14,6679.94,6150.11,6642.92,618527468.834164,12,0.0258
2020-03-31,6394.45,6523.23,6321.4,6410.44,465780496.6224872,12,0.1724
2020-03-30,5880.5,6599.0,5857.76,6394.38,747569726.4544197,10,0.0847
2020-03-27,6737.27,6842.59,6261.0,6359.11,551326113.8552039,12,0.0697
2020-03-26,6677.42,6780.0,6510.0,6737.36,552537189.4793514,14,0.1904
2020-03-25,6744.69,6957.96,6450.0,6677.43,880250736.9079887,13,0.0555
2020-03-24,6465.25,6833.0,6371.33,6744.72,1001890515.2399886,12,0.0114
2020-03-23,5816.05,6600.0,5688.0,6467.31,1015525672.0743864,10,0.0024
2020-03-20,6162.05,6900.0,5670.0,6208.36,1401734013.175202,9,0.0033
2020-03-19,5393.26,6400.0,5252.53,6162.37,1164739707.514236,12,0.0047
2020-03-18,5312.64,5436.17,5009.37,5393.04,719748122.45302,11,0.0062
2020-03-17,5028.86,5525.0,4921.45,5312.64,793147908.2684975,8,0.006
2020-03-16,5360.33,5365.42,4442.12,5028.97,1113690309.1015868,9,0.0014
2020-03-13,4800.01,5955.0,3782.13,5578.6,2063819540.6389947,10,0.0046
2020-03-12,7934.58,7966.17,4410.0,4800.0,1628590104.2222133,14,0.0008
2020-03-11,7894.57,7980.0,7590.0,7934.52,624465167.3648188,17,0.0053
2020-03-10,7929.87,8149.0,7728.01,7894.56,689700153.4490932,16,0.0188
2020-03-09,8034.76,8179.31,7632.01,7929.87,918787729.0855838,17,0.0092
2020-03-06,9054.64,9170.0,8985.5,9131.88,397598476.42056286,39,0.0392
2020-03-05,8750.99,9159.42,8746.54,9054.68,524102029.20478296,41,0.0976
2020-03-04,8760.07,8848.29,8660.0,8750.87,338849891.95293546,40,0.3059
2020-03-03,8911.18,8919.65,8651.0,8760.07,484181096.3229558,38,0.1578
2020-03-02,8530.3,8965.75,8498.0,8915.24,528906629.5628192,38,0.0914
2020-02-28,8823.25,8900.0,8445.0,8692.91,615664817.0103912,40,0.0085
2020-02-27,8786.0,8971.77,8531.0,8823.21,636955872.7625463,39,0.0316
2020-02-26,9316.48,9377.44,8633.63,8785.25,830717784.3790948,41,0.0795
2020-02-25,9655.52,9675.0,9250.0,9315.84,514946930.5660231,44,0.1416
2020-02-24,9936.4,9990.0,9473.56,9656.13,542081527.6408329,46,0.351
2020-02-21,9597.21,9755.51,9550.21,9677.05,408286949.8035292,44,2.0229
2020-02-20,9594.65,9699.0,9400.0,9596.42,576020107.4626018,44,3.8688
2020-02-19,10164.78,10250.0,9350.0,9593.79,547679966.9292257,50,4.2711
2020-02-18,9706.0,10250.0,9576.01,10164.71,696870122.812608,53,3.2133
2020-02-14,10227.78,10381.56,10111.37,10344.36,482455622.003626,63,4.6315
2020-02-13,10325.33,10500.0,10080.0,10229.63,815507473.735361,65,4.7826
2020-02-12,10223.08,10450.0,10223.08,10326.46,629756037.5160786,61,7.7142
2020-02-11,9851.74,10323.59,9700.0,10223.08,624970415.4054741,52,7.6666
2020-02-10,10151.72,10188.0,9756.0,9851.83,590091358.442907,57,2.8837
2020-02-07,9772.0,9885.0,9730.0,9813.73,430744860.1814393,56,3.7656
2020-02-06,9612.03,9862.57,9526.35,9772.0,631245079.8223813,61,8.1562
2020-02-05,9197.02,9744.45,9177.22,9612.04,613540574.7818311,53,15.625
2020-02-04,9291.35,9350.0,9093.01,9197.02,491136137.2107625,56,5.1956
2020-02-03,9331.59,9618.79,9234.0,9292.24,476379993.49247247,59,1.6588
2020-01-31,9511.52,9530.22,9210.01,9352.89,425779010.4065367,55,1.3947
2020-01-30,9301.57,9578.0,9204.44,9513.21,569652869.8196837,57,1.6126
2020-01-29,9375.34,9449.24,9216.0,9301.53,503188568.8363578,57,3.4237
2020-01-28,8907.57,9400.0,8862.4,9374.21,676593159.4823396,54,2.5263
2020-01-27,8614.39,9000.0,8535.0,8907.57,473194952.8044688,50,1.0882
2020-01-24,8404.52,8528.02,8238.0,8439.0,349874174.79003936,40,3.7619
2020-01-23,8682.77,8691.81,8306.39,8404.52,407428808.67533696,49,4.4888
2020-01-22,8736.04,8818.0,8590.0,8682.36,252638888.21492553,52,10.655
2020-01-21,8642.35,8789.0,8488.0,8736.03,316056704.984738,49,9.5925
2020-01-17,8720.15,9041.65,8672.44,8913.28,629568740.707009,54,48.429
2020-01-16,8820.01,8859.81,8586.0,8720.01,451752380.28108114,55,49.667
2020-01-15,8814.64,8916.48,8564.0,8821.41,743712237.2790816,54,38.714
2020-01-14,8110.34,8880.0,8105.54,8810.01,1032735180.8658738,56,28.75
2020-01-13,8184.97,8196.0,8055.89,8110.34,252656965.35815012,49,10.565
2020-01-10,7817.74,8199.0,7672.0,8197.02,652774220.3884369,41,10.9
2020-01-09,8054.72,8055.96,7750.0,7817.76,507258250.4748797,44,18.538
2020-01-08,8145.92,8455.0,7870.0,8055.98,926410232.6045058,51,19.364
2020-01-07,7758.9,8207.68,7723.71,8145.28,724202791.1429626,40,11.909
2020-01-06,7357.64,7795.34,7346.76,7758.0,413330481.2260492,41,15.625
2020-01-03,6965.49,7405.0,6871.04,7344.96,495098582.96203536,38,16.111
2020-01-02,7200.77,7212.5,6924.74,6965.71,225982341.3011403,39,42.8
2019-12-31,7246.0,7320.0,7145.01,7195.23,187518399.34504,38,11.444
2019-12-30,7388.43,7408.24,7220.0,7246.0,216508875.51767525,40,6.4666
2019-12-27,7202.0,7275.86,7076.42,7254.74,242214722.72289035,38,50.75
2019-12-26,7205.01,7435.0,7157.12,7202.0,263289798.9561876,39,25.0
2019-12-24,7317.3,7436.68,7157.04,7255.77,318428019.00091,25,26.6
2019-12-23,7500.71,7695.38,7265.84,7317.09,510710431.7668603,33,16.583
2019-12-20,7151.31,7220.0,7079.5,7187.83,229842650.42149535,23,30.222
2019-12-19,7277.83,7380.0,7038.31,7150.3,397407677.058565,21,11.4
2019-12-18,6623.84,7440.0,6435.0,7277.83,654057202.1588289,15,21.25
2019-12-17,6891.44,6942.21,6560.0,6623.82,364087469.8222779,23,13.769
2019-12-16,7119.6,7150.0,6836.0,6891.72,307508569.89251375,24,11.15
2019-12-13,7197.76,7309.05,7190.76,7258.48,199836160.23365223,22,10.056
2019-12-12,7210.0,7295.0,7080.3,7198.08,303657479.492691,23,10.238
2019-12-11,7224.15,7275.5,7125.66,7210.0,217095653.86658928,20,7.25
2019-12-10,7338.64,7407.6,7157.1,7224.13,363127435.3955167,26,4.6666
2019-12-09,7510.11,7650.0,7273.0,7338.64,347471155.4826833,32,5.8888
2019-12-06,7389.0,7590.03,7305.0,7527.47,356905919.01556,29,11.071
2019-12-05,7194.59,7485.0,7150.0,7389.0,434738864.7840124,21,2.44
2019-12-04,7292.71,7750.0,7067.0,7194.32,608623482.7599232,24,5.1428
2019-12-03,7294.42,7400.0,7241.35,7292.71,242379261.10434756,28,0.4264
2019-12-02,7391.5,7420.56,7151.1,7294.28,337889295.51018095,28,1.4318
2019-11-29,7418.52,7850.0,7362.3,7739.68,463006956.68515134,31,5.05
2019-11-27,7154.75,7655.0,6840.0,7508.52,671646609.1695509,20,7.0434
2019-11-26,7109.99,7340.0,7017.48,7156.14,469602476.91268086,21,5.4444
2019-11-25,6900.23,7377.69,6515.0,7109.57,831628458.3049068,17,7.1052
2019-11-22,7627.79,7750.0,6790.0,7268.23,917881536.262084,20,1.6666
2019-11-21,8098.56,8134.73,7500.0,7627.74,455166676.2781802,30,0.7462
2019-11-20,8133.83,8264.29,8038.4,8098.01,263387575.485922,32,1.0823
2019-11-19,8186.5,8218.63,8003.0,8133.64,353463792.04443395,32,1.2577
2019-11-18,8502.87,8503.52,8060.0,8187.17,358706174.8252184,38,1.4935
2019-11-15,8646.38,8790.0,8400.0,8471.73,394708981.3155723,38,2.1636
2019-11-14,8777.54,8800.0,8582.6,8646.68,290104306.9530332,41,1.3066
2019-11-13,8821.91,8844.99,8702.0,8777.12,235060554.1241016,38,1.0724
2019-11-12,8733.36,8888.0,8567.6,8821.94,352675938.430593,39,1.676
2019-11-11,9040.16,9072.32,8618.68,8733.27,394585996.3292871,40,1.7692
2019-11-08,9214.0,9261.0,8696.0,8773.73,555589995.9935858,42,2.3777
2019-11-07,9339.16,9375.0,9101.0,9216.2,361217475.05834645,54,4.2195
2019-11-06,9307.73,9440.91,9250.01,9339.05,348607499.83121693,53,3.2121
2019-11-05,9392.4,9454.95,9175.76,9308.66,428156963.0785469,54,6.8518
2019-11-04,9196.46,9513.68,9115.84,9393.35,426792003.1749065,49,19.455
2019-11-01,9140.86,9279.0,9030.0,9231.61,398803069.00908464,49,7.5416
2019-10-31,9154.02,9405.0,8913.0,9140.85,498152743.7348088,50,2.4264
2019-10-30,9407.62,9409.84,9001.01,9154.72,506584830.0313323,53,3.8
2019-10-29,9204.45,9550.0,9072.0,9407.62,600611324.6356996,54,4.2941
2019-10-28,9528.23,9902.1,9160.0,9205.14,759178942.9488419,52,7.0
2019-10-25,7412.41,8799.0,7361.0,8655.02,737329544.8835196,24,4.8148
2019-10-24,7468.47,7503.68,7337.99,7412.41,243246414.9489239,20,5.25
2019-10-23,8020.06,8047.59,7300.0,7466.62,488220760.6464156,33,5.1071
2019-10-22,8197.28,8297.99,8000.0,8020.0,283535483.41051364,39,6.25
2019-10-21,8223.35,8333.0,8142.03,8197.27,250117281.63661337,37,5.9
2019-10-18,8070.71,8115.0,7816.01,7947.01,248931322.1008505,40,3.6571
2019-10-17,7995.02,8124.92,7929.03,8070.58,238343204.48251528,40,4.6969
2019-10-16,8159.3,8181.16,7917.0,7991.74,279586845.5362138,40,3.2
2019-10-15,8346.86,8403.0,8090.0,8159.29,270727559.77701086,39,4.8571
2019-10-14,8275.24,8388.85,8203.0,8348.2,247530733.18003485,37,1.5744
2019-10-11,8557.82,8779.51,8212.38,8258.5,424413201.53293216,39,8.6153
2019-10-10,8562.15,8644.0,8414.52,8558.03,333925412.3041418,41,1.1666
2019-10-09,8170.79,8670.0,8115.0,8560.74,462845251.8136103,37,1.2285
2019-10-08,8190.82,8325.0,8088.75,8168.39,290675248.1414453,39,0.7127
2019-10-07,7855.3,8299.92,7762.0,8190.09,420921679.8442632,27,2.2
2019-10-04,8224.43,8232.41,8005.0,8137.13,215325611.6822151,30,2.1875
2019-10-03,8360.0,8393.0,8060.0,8223.96,250291751.27141392,37,0.4777
2019-10-02,8292.67,8373.91,8151.22,8359.94,216325351.8586446,39,0.1684
2019-10-01,8289.97,8500.0,8173.05,8292.44,362980689.8799913,38,1.0754
2019-09-30,8043.04,8337.26,7710.0,8289.34,449120676.8427603,27,4.074
2019-09-27,8063.49,8265.0,7852.15,8177.91,352800745.20792854,24,3.2
2019-09-26,8430.05,8465.99,7750.0,8063.73,552794530.866682,12,3.7777
2019-09-25,8497.55,8730.0,8215.64,8430.05,512437200.3611044,15,3.6818
2019-09-24,9702.2,9794.99,7800.0,8493.14,838996309.1611282,39,4.0
2019-09-23,10028.05,10049.99,9615.77,9702.25,314390584.62646127,41,7.0625
2019-09-20,10243.7,10281.0,10061.39,10168.59,255205290.2118373,41,6.8461
2019-09-19,10156.41,10325.0,9653.0,10244.29,447676492.9840264,31,15.286
2019-09-18,10187.48,10258.02,10100.0,10156.99,247024351.59799168,38,7.9
2019-09-17,10249.68,10275.0,10128.01,10187.82,233944812.560508,41,8.2857
2019-09-16,10303.34,10355.0,10078.0,10251.31,296325130.1709013,38,9.3333
2019-09-13,10415.01,10439.0,10153.0,10342.06,311632094.25618845,38,9.7777
2019-09-12,10158.75,10448.81,10040.0,10415.01,353390090.96777725,39,21.0
2019-09-11,10098.19,10293.0,9880.0,10158.33,321637085.47650874,38,17.0
2019-09-10,10302.58,10384.99,9953.0,10098.15,294323839.5070076,41,8.2
2019-09-09,10381.24,10480.0,10068.5,10303.12,409724831.94712263,41,7.375
2019-09-06,10563.13,10905.87,10150.0,10298.73,623662984.3843305,43,6.9
2019-09-05,10565.92,10900.0,10450.0,10564.49,358861340.7897901,41,16.182
2019-09-04,10611.85,10799.0,10369.89,10567.02,463526509.325937,43,7.3
2019-09-03,10340.0,10773.0,10272.0,10615.28,505617667.3992669,41,1.5555
2019-08-30,9499.01,9696.0,9350.41,9584.54,255854874.4507745,24,4.0
2019-08-29,9721.0,9724.0,9320.0,9498.44,337838761.5572865,20,3.3478
2019-08-28,10185.69,10299.0,9601.01,9721.0,420034883.00315255,32,0.7055
2019-08-27,10373.6,10391.08,10051.08,10185.05,289340681.0789518,30,0.6172
2019-08-26,10142.69,10604.0,10137.93,10372.25,432249835.49069726,41,0.4586
2019-08-23,10099.9,10445.0,10019.79,10389.55,282732431.7520724,33,0.7225
2019-08-22,10140.82,10242.0,9762.0,10099.88,341371442.9068388,5,3.1403
2019-08-21,10760.51,10804.13,9858.0,10142.57,482889274.517917,11,4.4
2019-08-20,10914.73,10949.96,10560.0,10760.51,346664453.1367265,39,2.55
2019-08-19,10306.17,10930.0,10258.6,10915.54,396233441.0274596,30,8.9047
2019-08-16,10296.77,10536.03,9750.0,10331.54,527258446.3977765,31,2.4
2019-08-15,10055.16,10460.0,9911.0,10293.93,387705855.0879112,13,0.4814
2019-08-14,10893.36,10897.48,9928.1,10050.37,567724729.1059059,11,3.258
2019-08-13,11398.35,11456.16,10788.45,10892.71,368994475.5461124,45,1.0985
2019-08-12,11539.08,11577.89,11235.32,11396.08,200325471.60414097,48,0.6952
2019-08-09,11994.17,12045.68,11700.0,11879.99,467011047.9414285,60,1.5526
2019-08-08,11975.04,12060.0,11521.0,11999.77,604389131.062836,61,3.1111
2019-08-07,11481.69,12141.17,11382.84,11975.03,814597979.050504,45,0.6196
2019-08-06,11830.0,12330.7,11226.7,11481.69,904119081.6157126,66,0.4078
2019-08-05,10929.99,11937.52,10927.8,11828.8,757976547.217046,64,0.3745
2019-08-02,10375.0,10670.0,10281.35,10523.75,450323284.1507597,61,0.9212
2019-08-01,10080.53,10467.86,9863.46,10374.99,422156523.6690079,57,1.9846
2019-07-31,9575.0,10109.8,9555.0,10080.53,389690761.44466114,31,6.38
2019-07-30,9509.07,9714.28,9402.0,9574.21,310867928.28793913,22,2.924
2019-07-29,9541.54,9729.0,9395.0,9507.64,277497756.76841676,19,3.5342
2019-07-26,9882.15,9889.98,9637.0,9824.0,265108103.13392133,24,2.8405
2019-07-25,9763.4,10175.0,9720.03,9879.87,378938450.0817674,42,2.4027
2019-07-24,9864.78,9937.0,9525.0,9763.28,422534162.14571214,20,7.4375
2019-07-23,10343.08,10343.97,9822.0,9864.91,478441909.40505725,40,2.4561
2019-07-22,10590.15,10683.16,10100.0,10340.31,421016379.36208767,42,1.6891
2019-07-19,10628.64,10769.71,10121.84,10504.29,589931612.3419864,42,3.0
2019-07-18,9668.86,10788.0,9252.0,10627.16,807822745.1854327,40,1.8936
2019-07-17,9430.17,9957.0,9060.0,9667.92,809555508.3476789,19,2.7741
2019-07-16,10833.78,11028.0,9350.01,9439.59,982462166.6932294,34,4.1176
2019-07-15,10174.18,11100.0,9860.0,10838.72,851028723.7031858,16,5.2162
2019-07-12,11342.88,11885.0,11073.0,11757.22,649824820.7654814,33,7.1304
2019-07-11,12108.11,12111.73,11000.0,11342.89,1007356802.218256,62,4.3333
2019-07-10,12548.51,13147.08,11569.0,12108.37,1369749939.9675035,83,9.6666
2019-07-09,12238.6,12794.73,12068.0,12543.41,975986802.0300353,84,3.1428
2019-07-08,11410.0,12338.03,11220.0,12238.6,618530684.4325522,74,5.5
2019-07-05,11145.67,11406.83,10796.44,10970.73,705853649.0264896,67,7.1875
2019-07-03,10844.98,11991.89,10841.04,11940.0,1097804642.7577736,79,11.0
2019-07-02,10624.9,10938.75,9727.0,10842.85,1128353804.8007915,63,5.1666
2019-07-01,10854.1,11282.28,10030.0,10624.93,972343281.8603553,65,18.333
2019-06-28,11329.99,12480.0,10982.88,12400.63,1129888341.3212836,62,7.4545
2019-06-27,13098.38,13478.04,10525.1,11329.99,2058443849.314,92,3.1612
2019-06-26,11821.28,13970.0,11741.0,13093.8,1996178374.594492,95,1.4444
2019-06-25,11056.59,11850.0,11026.0,11820.86,697773986.2691858,87,1.3
2019-06-24,10905.95,11143.63,10620.8,11056.59,469746663.93811727,80,2.3174
2019-06-21,9518.06,10174.99,9518.06,10159.86,494783687.9853515,84,2.4905
2019-06-20,9253.76,9590.0,9175.2,9517.12,323621848.1987617,81,11.963
2019-06-19,9081.97,9304.0,8960.0,9255.49,293748062.6668488,82,6.0
2019-06-18,9312.13,9336.36,8950.0,9081.55,470271954.2987056,83,8.4444
2019-06-17,8953.0,9444.0,8950.0,9313.96,441567296.05926627,84,2.0958
2019-06-14,8216.44,8684.41,8144.32,8650.0,333475488.55375946,67,1.8783
2019-06-13,8127.64,8309.82,8010.03,8218.54,248418184.7720466,63,2.6382
2019-06-12,7884.9,8200.0,7788.99,8127.64,333291726.6460002,60,1.2873
2019-06-11,7981.0,8010.0,7692.23,7884.9,238031771.51747337,61,3.3589
2019-06-10,7627.57,8020.0,7511.0,7982.75,287125339.97011447,46,7.7037
2019-06-07,7787.57,8100.0,7737.49,7980.53,269125728.1416496,27,6.3478
2019-06-06,7778.08,7868.13,7444.58,7786.7,282156410.54378915,34,1.9019
2019-06-05,7687.04,7896.7,7572.78,7776.5,377635818.0044095,27,2.8688
2019-06-04,8115.66,8115.66,7481.02,7687.03,582173398.3257968,42,6.1
2019-06-03,8726.0,8800.95,8080.8,8115.82,387155494.9730488,66,0.8849
2019-05-31,8267.1,8594.0,8108.5,8555.0,373629673.9190144,61,0.3253
2019-05-30,8646.5,9074.26,8005.0,8269.54,603312537.3808434,73,0.4918
2019-05-29,8716.87,8750.0,8406.6,8645.68,292094591.01803863,71,0.3364
2019-05-28,8752.52,8798.49,8510.63,8715.64,273791910.6314759,71,1.1759
2019-05-24,7849.95,8130.0,7766.0,7964.87,371381043.73160255,64,1.5
2019-05-23,7627.8,7940.98,7461.0,7851.51,381536239.5128484,65,0.4357
2019-05-22,7904.48,8016.0,7465.0,7628.43,384730220.72195166,69,1.1235
2019-05-21,7937.16,8042.32,7771.0,7904.87,413637782.3697456,68,1.9642
2019-05-20,8147.94,8156.03,7553.0,7938.15,517939277.868858,73,0.6206
2019-05-17,7868.67,7925.0,6913.0,7355.26,645676487.3744029,65,1.4
2019-05-16,8169.08,8320.0,7705.0,7866.59,557126171.2789642,75,4.093
2019-05-15,7945.26,8249.0,7850.0,8169.87,305196285.2755824,77,1.6935
2019-05-14,7795.62,8366.0,7599.56,7947.56,611103206.0032725,78,1.3272
2019-05-13,6968.24,8100.0,6870.0,7790.71,648012612.2927012,78,0.5203
2019-05-10,6209.95,6468.92,6172.0,6373.33,231801342.4320928,71,1.1666
2019-05-09,5986.66,6224.55,5983.71,6209.18,167489934.34358987,69,0.7647
2019-05-08,5846.34,6014.72,5772.2,5987.29,136245255.5572078,63,2.0256
2019-05-07,5749.92,6028.41,5747.74,5846.34,236176663.81792104,69,1.7317
2019-05-06,5773.18,5805.0,5619.14,5747.79,144358553.85462248,57,4.3846
2019-05-03,5494.81,5844.0,5477.57,5772.69,264435878.92811015,63,17.111
2019-05-02,5383.2,5538.0,5370.0,5492.87,124498567.2076544,50,1.7241
2019-05-01,5321.94,5402.0,5316.2,5383.2,92194935.6047804,51,5.5675
2019-04-30,5238.14,5339.98,5192.15,5320.81,117309839.23079813,42,6.5666
2019-04-29,5309.81,5332.0,5178.8,5238.14,104822151.5144498,42,8.625
2019-04-26,5220.47,5510.0,5161.62,5314.1,259659705.6513858,41,4.1379
2019-04-25,5415.0,5491.84,5102.0,5219.9,265091565.61466023,58,1.6428
2019-04-24,5490.91,5582.2,5333.35,5415.0,262493252.9358424,65,4.8518
2019-04-23,5357.14,5600.0,5332.41,5493.31,227154061.8577141,68,6.8
2019-04-22,5257.41,5400.0,5208.35,5357.14,156632202.9709961,61,1.5882
2019-04-18,5202.41,5287.0,5198.8,5258.44,118573129.86520115,64,2.6296
2019-04-17,5173.72,5230.4,5146.8,5202.82,120972345.51821636,61,2.7333
2019-04-16,5024.95,5197.72,5003.94,5173.72,123581651.71216355,50,4.9615
2019-04-15,5131.28,5167.38,4950.0,5024.95,147687551.9414771,60,5.7916
2019-04-12,5017.37,5080.58,4861.22,5048.01,166485761.0793121,42,7.2857
2019-04-11,5307.86,5332.67,4927.0,5017.37,277736905.85749793,65,7.1176
2019-04-10,5150.0,5422.0,5135.0,5308.25,210870034.51205528,62,12.3
2019-04-09,5238.38,5238.4,5076.68,5150.0,175633627.31637353,64,4.4666
2019-04-08,5170.27,5305.0,5039.0,5236.9,260487077.7675668,65,16.333
2019-04-05,4898.64,5028.22,4880.62,5004.95,197660830.71096665,59,14.5
2019-04-04,4932.59,5039.08,4777.0,4898.66,301411332.0090243,61,9.3
2019-04-03,4857.19,5275.01,4753.5,4932.6,548900970.9178842,71,10.375
2019-04-02,4144.54,4897.99,4140.54,4857.29,489018726.75750667,60,9.3333
2019-04-01,4102.44,4158.7,4067.0,4144.56,105388238.14788891,62,14.833
2019-03-29,4028.22,4123.71,4024.03,4103.25,122585822.5865048,50,5.48
2019-03-28,4039.58,4039.7,4002.0,4027.81,80822230.57984656,49,4.1612
2019-03-27,3948.77,4048.0,3936.15,4038.05,129681258.0162135,44,4.3333
2019-03-26,3935.47,3958.98,3894.0,3948.55,115330070.99071544,43,6.4347
2019-03-25,3991.35,3999.3,3888.71,3936.12,131507366.37512892,46,1.1612
2019-03-22,3980.85,4008.0,3968.25,3986.93,79861943.8108997,56,2.7592
2019-03-21,4043.04,4069.32,3880.01,3980.64,144010401.50845116,62,7.0
2019-03-20,4017.48,4050.0,3980.5,4043.04,94019734.23326427,55,2.0476
2019-03-19,3987.83,4031.0,3970.0,4015.53,79503748.36263466,56,5.8888
2019-03-18,3981.85,4037.0,3953.33,3987.81,89526258.38910636,56,5.6842
2019-03-15,3877.12,3939.22,3872.2,3923.76,84919900.71744472,55,5.75
2019-03-14,3866.0,3920.0,3810.43,3877.12,104673038.77602254,55,4.9047
2019-03-13,3882.69,3893.56,3840.0,3866.0,94680049.46033753,54,11.4
2019-03-12,3871.61,3905.2,3826.06,3882.73,104393849.44844826,56,10.5
2019-03-11,3915.99,3936.98,3830.0,3871.61,147721971.09446937,56,4.5
2019-03-08,3873.63,3932.0,3800.0,3864.89,135000852.01035947,54,0.8823
2019-03-07,3861.84,3905.4,3840.4,3873.64,102585458.38333897,56,1.3653
2019-03-06,3857.58,3907.0,3813.09,3861.84,95417637.5889866,42,1.8181
2019-03-05,3716.1,3877.1,3703.55,3857.73,124945530.76214452,35,3.6363
2019-03-04,3807.32,3830.0,3670.69,3715.3,129739738.23815794,36,8.5714
2019-03-01,3814.26,3857.0,3813.01,3823.0,88851336.5211179,42,10.308
2019-02-28,3818.04,3888.0,3763.87,3813.69,124703738.39336836,39,8.6
2019-02-27,3809.31,3838.85,3677.17,3818.07,119564023.12004228,39,4.2727
2019-02-26,3828.44,3841.51,3777.0,3809.23,109932596.10609365,40,8.1
2019-02-25,3743.56,3872.66,3740.0,3827.92,145285565.2031707,47,15.0
2019-02-22,3937.31,3988.0,3926.65,3962.0,94739322.74557024,61,18.111
2019-02-21,3969.74,4016.48,3901.03,3937.31,122714273.87417652,59,11.375
2019-02-20,3907.35,3986.98,3870.66,3969.74,142571564.56112987,59,14.286
2019-02-19,3897.35,3994.52,3856.0,3907.79,197091641.04739997,65,12.2
2019-02-15,3590.57,3653.23,3573.45,3602.47,74938358.18352868,43,56.0
2019-02-14,3608.34,3626.4,3568.11,3590.56,78367545.57945932,48,8.875
2019-02-13,3631.51,3670.0,3591.75,3609.4,93350740.94830574,48,17.4
2019-02-12,3631.05,3667.6,3582.34,3631.46,106766439.99436474,38,11.75
2019-02-11,3679.75,3684.9,3615.53,3631.05,90731831.90427426,46,7.8181
2019-02-08,3398.4,3733.58,3373.1,3659.04,170118212.46197885,37,3.2631
2019-02-07,3407.0,3426.45,3390.0,3398.4,63611505.78657223,18,2.5
2019-02-06,3471.57,3482.72,3380.0,3405.37,120500703.0051573,14,6.7777
2019-02-05,3463.22,3478.97,3448.43,3471.59,87491347.06381486,21,23.5
2019-02-04,3458.11,3484.88,3433.31,3463.22,80024258.22766612,27,10.333
2019-02-01,3434.1,3488.0,3401.2,3462.07,87075914.2326683,23,9.9
2019-01-31,3457.5,3489.2,3418.8,3434.1,101928346.97699685,17,19.0
2019-01-30,3410.04,3478.0,3387.1,3458.18,82521122.86191754,22,5.1428
2019-01-29,3434.0,3443.45,3349.92,3411.04,100542807.46479908,21,3.1176
2019-01-28,3550.05,3557.75,3380.27,3434.15,139258708.7643088,35,1.8636
2019-01-25,3569.07,3587.15,3522.51,3565.29,62634926.45524528,35,10.0
2019-01-24,3552.97,3589.0,3529.22,3569.62,74037052.86632736,37,1.4545
2019-01-23,3570.41,3607.98,3514.5,3552.82,88816396.34583545,33,1.1578
2019-01-22,3526.88,3608.5,3434.85,3570.93,103804480.11605988,27,0.5357
2019-01-18,3613.32,3620.0,3565.75,3594.87,81699723.54479145,29,2.5833
2019-01-17,3591.84,3634.7,3530.39,3616.21,106709136.97324342,28,1.7272
2019-01-16,3553.06,3645.0,3543.51,3591.84,98504455.20666537,24,2.4444
2019-01-15,3626.08,3648.42,3516.62,3553.06,122785440.2288754,27,1.0833
2019-01-14,3477.56,3671.87,3467.02,3626.09,125631820.06705056,16,0.6363
2019-01-11,3585.88,3658.0,3465.0,3601.31,137560743.6248598,19,3.2
2019-01-10,3966.06,3996.01,3540.0,3585.88,221789348.03469807,37,1.5714
2019-01-09,3955.45,4006.81,3930.04,3966.65,115218950.31554872,42,1.2
2019-01-08,3976.76,4069.8,3903.0,3955.13,154778846.54236615,39,1.4
2019-01-07,3987.62,4017.9,3921.53,3975.45,126830380.4928724,39,0.7272
2019-01-04,3767.2,3823.64,3703.57,3792.01,111034550.64066195,48,0.5454
2019-01-03,3857.57,3862.74,3730.0,3766.78,111657372.69526468,33,0.3
2019-01-02,3796.45,3882.14,3750.45,3858.56,133876627.2465106,30,0.1269
2018-12-31,3803.12,3810.0,3630.33,3702.9,111847216.11708207,26,0.0724
2018-12-28,3567.89,3887.25,3540.04,3839.26,170638519.2472785,21,0.0505
2018-12-27,3777.74,3813.98,3535.0,3567.91,161915849.87310502,29,0.0273
2018-12-26,3745.56,3837.15,3656.74,3777.74,159705204.50415567,26,0.0049
2018-12-24,3929.71,4198.0,3924.83,4008.01,264628967.06591076,25,0.0015
2018-12-21,4051.86,4139.99,3764.0,3838.66,325803279.9626696,35,0.0018
2018-12-20,3660.01,4120.0,3635.0,4049.62,399967057.78281647,27,0.0031
2018-12-19,3653.0,3912.73,3622.55,3662.22,352638213.53853136,21,0.0048
2018-12-18,3509.03,3678.59,3424.47,3652.98,216563775.02523196,23,0.004
2018-12-17,3229.22,3585.0,3216.0,3509.08,228756567.64954677,17,0.0056
2018-12-14,3302.06,3335.39,3177.0,3224.17,145101409.49359843,10,0.0259
2018-12-13,3446.38,3460.0,3255.5,3302.06,134817053.72748312,14,0.0659
2018-12-12,3379.23,3492.0,3350.0,3445.0,116227185.79240072,14,0.2734
2018-12-11,3434.01,3480.0,3324.32,3380.39,121841475.29281934,15,0.131
2018-12-10,3548.49,3610.0,3370.11,3432.88,142507933.07357892,19,0.0213
2018-12-07,3508.75,3549.99,3224.6,3403.55,322364604.2802089,11,0.1467
2018-12-06,3768.44,3899.99,3500.0,3508.75,254722331.4949405,13,0.054
2018-12-04,3884.76,4085.0,3781.0,3951.64,191673423.70626593,12,0.201
2018-12-03,4160.55,4179.0,3827.0,3884.01,195055919.54337287,17,0.6015
2018-11-30,4295.72,4341.36,3943.0,4041.32,278810574.935784,19,0.22
2018-11-29,4262.06,4450.38,4125.65,4295.84,316809038.40988266,18,0.2261
2018-11-28,3875.63,4394.47,3874.27,4264.85,382697308.297627,14,0.2
2018-11-27,3864.45,3940.0,3689.12,3875.21,257593168.12182525,11,0.0858
2018-11-26,4088.69,4206.0,3701.0,3862.2,373225761.8074076,17,0.0958
2018-11-23,4370.9,4484.0,4222.94,4420.61,215283656.11539477,12,0.0232
2018-11-21,4559.91,4787.2,4413.85,4661.07,281264433.4846592,15,0.1125
2018-11-20,4913.4,5048.24,4326.0,4558.86,548036628.7293574,21,0.0559
2018-11-19,5661.94,5664.0,4855.0,4910.03,368688743.45440894,28,0.1942
2018-11-16,5757.09,5782.89,5549.25,5655.94,219097215.966752,23,0.2197
2018-11-15,5917.2,5939.54,5403.42,5753.4,270133503.66131264,28,0.0871
2018-11-14,6458.98,6482.84,5656.87,5922.41,279632622.8943677,49,0.1329
2018-11-13,6451.68,6498.0,6391.15,6457.66,76142983.15196352,56,0.1854
2018-11-12,6450.71,6497.0,6421.0,6453.07,65390882.14088421,52,0.4503
2018-11-09,6479.84,6511.53,6391.01,6419.99,75997777.50255908,47,0.5504
2018-11-08,6578.46,6594.0,6468.22,6479.84,86450363.67835227,51,1.0869
2018-11-07,6522.73,6615.15,6509.0,6578.46,93820576.63463956,48,1.5384
2018-11-06,6468.99,6531.31,6445.18,6519.11,77336101.18719475,42,0.7846
2018-11-05,6485.85,6504.39,6431.02,6468.99,58127213.13931594,42,0.566
2018-11-02,6410.0,6460.34,6388.2,6433.98,62589428.22024873,36,0.3176
2018-11-01,6369.52,6442.65,6348.66,6410.0,58031686.8315247,29,0.3733
2018-10-31,6330.01,6428.0,6245.02,6371.93,76970488.28166042,32,0.176
2018-10-30,6344.5,6395.0,6317.01,6330.87,56393439.18288881,31,0.083
2018-10-29,6489.93,6505.01,6315.0,6344.5,88484721.03624511,34,0.0471
2018-10-26,6528.13,6600.0,6515.01,6538.63,61792487.79642334,29,0.0169
2018-10-25,6566.81,6575.09,6502.8,6528.09,67691945.44596253,25,0.036
2018-10-24,6553.51,6630.0,6547.53,6565.5,78795617.02141578,23,0.0516
2018-10-23,6581.2,6595.0,6515.45,6553.51,90969791.0251596,24,0.016
2018-10-22,6590.12,6639.0,6535.27,6581.2,106815019.55165032,27,0.0692
2018-10-19,6618.96,6648.14,6523.0,6528.88,136686215.6690547,24,0.0781
2018-10-18,6739.01,6796.0,6567.0,6618.96,134777360.1544343,26,0.0367
2018-10-17,6762.76,6811.12,6676.01,6740.89,179641733.16423723,23,0.1162
2018-10-16,6752.5,6900.0,6670.0,6759.27,186122772.22286084,24,0.1473
2018-10-15,6339.34,7680.0,6300.0,6752.5,627984505.5555727,20,0.0462
2018-10-12,6252.71,6360.0,6209.0,6298.01,183030273.0112748,13,0.0252
2018-10-11,6630.21,6633.92,6205.0,6252.68,308153124.4458242,19,0.0171
2018-10-10,6656.67,6659.95,6530.0,6631.0,101609680.88217255,28,0.0657
2018-10-09,6673.01,6685.38,6607.0,6656.61,102115186.42882323,31,0.1854
2018-10-08,6615.26,6715.6,6587.0,6673.01,153704602.4302414,26,0.1054
2018-10-05,6591.69,6697.0,6543.08,6635.65,106264514.65757656,37,0.058
2018-10-04,6510.01,6643.46,6505.09,6593.79,132348680.67600606,29,0.0847
2018-10-03,6525.79,6549.0,6430.0,6510.0,184622957.0249073,36,0.2786
2018-10-02,6610.0,6640.0,6494.0,6525.79,185725492.2802391,33,0.2905
2018-10-01,6626.57,6667.09,6510.0,6611.61,136115256.9683068,35,0.5833
2018-09-28,6689.12,6814.8,6540.88,6634.58,283144987.50423056,42,0.4661
2018-09-27,6467.84,6750.0,6434.0,6689.13,216914853.24175173,42,0.3826
2018-09-26,6445.11,6557.99,6379.7,6465.12,216859675.30134344,37,0.5405
2018-09-25,6581.42,6584.01,6325.02,6447.54,258927200.8310643,37,0.5234
2018-09-24,6706.81,6730.0,6557.0,6581.39,234355999.54311827,43,0.4196
2018-09-21,6492.0,6784.86,6491.0,6759.02,345746941.9999864,31,1.1609
2018-09-20,6392.0,6540.0,6325.0,6492.0,161844271.63360685,24,0.9247
2018-09-19,6336.39,6517.7,6123.0,6391.89,247455364.5237956,24,0.7272
2018-09-18,6248.69,6390.0,6224.98,6336.45,205736329.40707865,21,0.7807
2018-09-17,6500.08,6533.84,6201.0,6248.69,228970700.75042212,25,0.8247
2018-09-14,6487.39,6584.99,6385.62,6476.63,241466662.64800572,23,1.1978
2018-09-13,6338.62,6535.0,6337.4,6487.38,260985165.19184464,20,1.5882
2018-09-12,6293.0,6360.0,6192.37,6338.62,197398009.0125667,14,1.2025
2018-09-11,6311.99,6404.0,6169.68,6294.91,208346648.80045933,18,0.7933
2018-09-10,6252.26,6373.98,6221.0,6312.0,204178349.9698747,15,1.0786
2018-09-07,6516.84,6544.0,6320.0,6395.54,250716129.90518975,17,0.6044
2018-09-06,6697.27,6725.0,6265.0,6516.01,390391932.2091176,14,0.9082
2018-09-05,7359.05,7397.3,6682.0,6700.0,449463489.0579976,17,0.9361
2018-09-04,7263.0,7410.0,7227.17,7359.06,258978411.271086,26,1.4
2018-08-31,6984.84,7089.0,6888.0,7011.21,282722730.06131953,17,2.0217
2018-08-30,7033.21,7063.63,6784.81,6984.84,309357226.58362526,22,1.8225
2018-08-29,7077.0,7133.81,6912.34,7031.22,304565438.4850058,19,4.0555
2018-08-28,6907.26,7135.0,6860.0,7076.11,338220284.29016566,19,3.7096
2018-08-27,6700.0,6940.51,6646.5,6908.64,254214730.3171242,18,8.5294
2018-08-24,6525.0,6725.0,6440.5,6681.64,251513064.47447148,19,2.9473
2018-08-23,6362.57,6576.99,6342.28,6525.01,259786384.55491504,18,2.2142
2018-08-22,6479.98,6882.54,6251.2,6360.89,512501182.2029021,21,3.75
2018-08-21,6251.0,6500.0,6235.08,6480.0,265458342.7817206,19,7.7142
2018-08-20,6477.53,6530.0,6220.0,6254.84,317617945.7492608,26,5.4444
2018-08-17,6316.0,6585.0,6285.4,6584.49,374472431.7235812,19,2.12
2018-08-16,6265.27,6480.0,6205.6,6311.75,307755605.1624039,21,1.8431
2018-08-15,6188.08,6609.0,6172.11,6267.16,439109005.4034304,18,0.3594
2018-08-14,6248.25,6250.33,5880.0,6188.08,303179556.3624503,16,1.1282
2018-08-13,6308.56,6545.0,6145.04,6246.35,341552293.0073,21,0.362
2018-08-10,6529.79,6575.88,6026.39,6144.01,374699380.94849145,21,0.7752
2018-08-09,6283.27,6622.81,6178.6,6529.79,332880900.89059937,19,3.2571
2018-08-08,6720.63,6721.54,6123.0,6285.0,382460776.49398136,23,2.119
2018-08-07,6935.0,7150.46,6670.0,6720.06,316365882.1031662,25,2.9268
2018-08-06,7024.19,7160.0,6821.0,6934.82,229071781.11536673,25,2.8055
2018-08-03,7525.71,7540.0,7282.44,7418.78,330599837.7285522,36,3.6451
2018-08-02,7600.08,7709.46,7455.72,7525.71,285656680.7015636,39,1.4126
2018-08-01,7735.67,7750.0,7430.0,7604.58,322252070.44348675,39,1.3392
2018-07-31,8171.4,8180.0,7633.0,7730.93,379841367.2024023,48,2.1111
2018-07-30,8210.99,8273.0,7866.0,8173.92,321599782.180698,53,1.0975
2018-07-27,7920.0,8285.0,7805.0,8188.57,350881696.75270694,47,1.7948
2018-07-26,8175.63,8315.69,7850.06,7920.0,352101207.6799552,53,4.3548
2018-07-25,8397.24,8491.77,8050.0,8175.64,398119757.80385005,54,1.5964
2018-07-24,7721.65,8486.0,7696.0,8397.24,487117211.68189824,49,2.4
2018-07-23,7394.78,7833.0,7375.0,7721.01,320156546.58240986,44,2.2647
2018-07-20,7468.86,7700.0,7273.0,7337.53,342862693.0959096,47,2.8125
2018-07-19,7381.88,7576.28,7270.0,7466.21,305198281.13948625,44,2.025
2018-07-18,7317.44,7588.08,7225.38,7381.9,440669913.2083524,42,1.8571
2018-07-17,6723.33,7468.99,6652.04,7317.44,364669305.0369064,39,2.5769
2018-07-16,6354.15,6747.3,6330.4,6723.35,237104112.45049536,36,0.8363
2018-07-13,6251.4,6350.0,6110.0,6214.57,164467999.80925834,29,3.1935
2018-07-12,6378.07,6380.28,6070.0,6250.57,194325733.7875043,33,2.35
2018-07-11,6296.91,6406.0,6278.99,6378.07,182357469.02807087,29,1.3636
2018-07-10,6662.78,6681.0,6263.0,6296.91,249099760.1897497,37,7.3684
2018-07-09,6712.1,6802.06,6612.24,6662.12,179250573.66648534,39,9.4285
2018-07-06,6529.2,6648.54,6425.0,6609.78,192230903.67599213,34,4.6
2018-07-05,6585.53,6712.0,6453.33,6529.2,230809190.30740517,37,2.1081
2018-07-03,6615.29,6679.35,6463.01,6513.86,254550438.13768885,31,2.5925
2018-07-02,6360.82,6685.0,6271.62,6615.29,235524330.64865333,27,0.4205
2018-06-29,5851.01,6300.0,5780.0,6197.92,201409363.91549844,16,0.8548
2018-06-28,6134.73,6173.01,5827.0,5853.98,185247010.87925187,20,0.2564
2018-06-27,6065.89,6190.43,5971.0,6133.73,117103011.80356833,18,0.5083
2018-06-26,6252.0,6272.54,6035.0,6070.78,119676555.56449406,21,0.6818
2018-06-25,6137.95,6350.0,6061.97,6252.0,242859915.8036461,16,0.375
2018-06-22,6717.69,6733.97,5918.94,6045.0,327460666.9145165,28,2.4722
2018-06-21,6763.21,6795.0,6672.57,6718.84,171149859.23602843,37,1.0246
2018-06-20,6740.0,6817.23,6551.81,6761.51,175935335.65057912,34,3.0263
2018-06-19,6711.39,6841.74,6653.0,6741.21,163420093.794135,32,0.7108
2018-06-18,6444.06,6794.38,6380.0,6712.46,208570443.95997888,27,1.3417
2018-06-15,6638.67,6666.66,6362.31,6388.9,196192096.14553955,26,1.1805
2018-06-14,6292.78,6720.0,6260.0,6635.98,289074808.78413,17,1.9245
2018-06-13,6530.0,6627.6,6118.68,6292.78,295395681.6623412,19,3.1515
2018-06-12,6872.0,6890.51,6435.0,6530.0,245787800.8012235,19,4.4827
2018-06-11,6765.0,6922.0,6610.0,6872.0,233056682.85777128,15,5.88
2018-06-08,7691.08,7703.5,7531.0,7603.44,178204158.39968467,40,5.0869
2018-06-07,7658.79,7765.0,7620.0,7691.08,192949056.8419996,38,2.9122
2018-06-06,7626.64,7699.0,7467.05,7658.84,207006657.7801965,42,3.7254
2018-06-05,7487.0,7679.49,7358.0,7625.0,237722147.65258065,26,3.3653
2018-06-04,7714.26,7760.52,7446.5,7487.0,244167051.18701583,41,5.1875
2018-06-01,7485.01,7608.55,7355.54,7521.01,211458512.1230823,24,2.875
2018-05-31,7382.07,7699.0,7327.51,7485.01,231017579.83413267,25,1.5303
2018-05-30,7467.98,7569.0,7260.5,7375.96,237956894.04949045,38,3.9
2018-05-29,7099.0,7540.0,7032.95,7461.29,288070643.9128678,16,0.5862
2018-05-25,7578.99,7649.55,7308.15,7457.0,199749585.9695036,25,1.7441
2018-05-24,7501.95,7730.73,7266.99,7575.01,284286378.50810045,27,1.375
2018-05-23,7977.12,8031.9,7425.0,7501.95,331238049.64074606,26,0.6545
2018-05-22,8386.89,8400.18,7935.11,7977.11,194335432.4375409,30,3.2682
2018-05-21,8526.97,8595.31,8305.0,8381.24,181750674.82134953,41,3.3508
2018-05-18,8038.82,8273.21,7911.9,8239.81,189870380.85778692,37,1.5774
2018-05-17,8330.0,8464.0,7979.0,8041.46,209489039.34104192,31,2.849
2018-05-16,8462.0,8488.0,8083.01,8330.0,257056552.43007565,32,2.3148
2018-05-15,8663.37,8859.99,8401.3,8462.0,242341031.0616692,40,0.6899
2018-05-14,8679.71,8879.99,8277.0,8663.34,320583612.23009104,40,3.9677
2018-05-11,9002.21,9016.8,8341.0,8400.0,418859806.4816156,41,4.3333
2018-05-10,9310.0,9395.12,8970.0,9002.2,231595002.59561664,63,4.375
2018-05-09,9178.0,9390.0,8965.0,9310.0,235736782.28825977,53,2.5762
2018-05-08,9365.0,9475.7,9060.54,9187.56,236418155.68693513,62,1.194
2018-05-07,9661.02,9689.67,9181.0,9365.0,316015961.44182944,56,1.9322
2018-05-04,9750.0,9830.04,9520.85,9713.99,277565997.63316435,56,1.1846
2018-05-03,9247.81,9844.0,9168.4,9750.0,366028365.2271445,55,0.4628
2018-05-02,9071.48,9268.0,8970.2,9247.84,238421833.7581133,52,1.1538
2018-05-01,9246.01,9248.99,8800.49,9071.48,368688349.6216845,56,0.3465
2018-04-30,9417.04,9458.64,9124.99,9246.01,325019389.2499412,59,1.4117
2018-04-27,9267.03,9395.0,8889.0,8915.35,342805674.55176014,55,1.3333
2018-04-26,8869.99,9307.48,8651.62,9266.0,385046648.1378661,47,0.7894
2018-04-25,9618.96,9759.82,8730.0,8869.99,745137762.9688668,64,0.1566
2018-04-24,8934.0,9731.01,8922.0,9619.99,431210048.0625035,29,0.6491
2018-04-23,8785.7,8985.0,8745.0,8934.01,229754640.59668773,28,0.5833
2018-04-20,8273.84,8930.0,8177.09,8856.98,337288580.42571294,26,0.4854
2018-04-19,8173.99,8296.0,8080.0,8278.0,222675105.7884542,25,0.8125
2018-04-18,7890.96,8236.43,7868.0,8173.0,217649160.11017892,24,2.709
2018-04-17,8064.92,8173.7,7825.4,7885.02,258221765.57371348,26,2.8205
2018-04-13,7922.99,8233.39,7732.0,7877.41,439884522.7119489,23,0.86
2018-04-12,6953.78,8012.23,6743.2,7923.0,485176252.48933566,18,1.2926
2018-04-11,6839.56,6990.0,6787.0,6953.79,165264003.41270605,20,1.4
2018-04-10,6781.55,6890.0,6656.0,6843.9,151417844.2663968,18,1.7333
2018-04-09,7011.04,7185.0,6611.0,6782.72,234309953.7503344,21,0.4339
2018-04-06,6770.0,6850.0,6500.0,6601.39,182139799.80865908,19,0.5636
2018-04-05,6796.1,6902.0,6566.69,6770.76,263446941.1321242,17,2.04
2018-04-04,7405.21,7427.52,6707.0,6796.1,297443582.7461225,22,0.3058
2018-04-03,7063.97,7520.0,7011.01,7405.21,277080072.7617128,22,0.1797
2018-04-02,6813.01,7125.0,6765.0,7056.0,224322159.41331607,11,0.1203
2018-03-29,7949.3,7975.0,6941.11,7090.14,405591158.6323181,18,0.5789
2018-03-28,7795.51,8109.0,7728.0,7949.3,209186093.18317956,24,0.1754
2018-03-27,8134.22,8215.94,7730.0,7795.51,297609656.4404365,24,0.3015
2018-03-26,8470.14,8514.89,7831.0,8134.23,358429758.8731952,31,0.1263
2018-03-23,8720.0,8909.0,8269.0,8898.03,340755592.544531,28,0.0744
2018-03-22,8884.82,9100.0,8465.1,8722.9,354804129.3433086,36,0.1937
2018-03-21,8909.96,9177.01,8750.6,8885.0,358157473.3612324,36,0.5036
2018-03-20,8595.01,9050.0,8280.0,8909.98,387879393.4706143,37,0.3006
2018-03-19,8189.0,8705.23,8088.4,8600.0,462654338.98212785,29,0.2237
2018-03-16,8240.98,8611.64,7900.0,8260.0,322355002.16519487,33,0.4444
2018-03-15,8184.01,8430.0,7650.0,8240.98,422130717.47310126,32,0.2426
2018-03-14,9151.92,9333.78,7900.28,8170.0,426058009.75594646,40,0.6
2018-03-13,9131.34,9474.0,8823.0,9150.0,367353984.7132836,41,2.3513
2018-03-12,9533.57,9888.88,8780.0,9131.34,395562731.86503726,41,5.92
2018-03-09,9267.07,9410.0,8329.0,9227.0,567082901.1319405,37,2.9333
2018-03-08,9910.0,10099.0,9060.0,9271.64,394641280.63843673,39,2.575
2018-03-07,10716.48,10899.0,9389.31,9910.0,514808033.4879209,37,2.0425
2018-03-06,11455.0,11455.0,10555.48,10716.48,323842216.64859617,59,2.647
2018-03-05,11515.0,11710.0,11415.01,11454.0,174866951.39806527,55,1.1707
2018-03-02,10923.36,11200.0,10770.0,11039.0,262936307.0078576,47,0.1636
2018-03-01,10325.64,11060.41,10240.0,10920.0,268172535.3811293,38,0.0941
2018-02-28,10584.33,11098.0,10300.0,10326.76,327914696.13067526,41,0.3306
2018-02-27,10321.0,10870.0,10121.0,10569.04,324295371.1414657,44,1.7142
2018-02-26,9590.0,10444.32,9350.0,10324.0,347559259.73845184,37,3.6153
2018-02-23,9815.55,10435.0,9570.19,10131.04,571800753.4709765,39,1.4838
2018-02-22,10439.02,10933.44,9679.0,9811.04,682006373.869588,44,0.4
2018-02-21,11195.07,11304.03,10200.0,10437.6,731537130.492186,54,1.1095
2018-02-20,11147.11,11786.01,11100.59,11200.99,551573232.2429588,74,1.3478
2018-02-16,10000.89,10323.37,9666.0,10159.98,381103299.2238848,67,2.8888
2018-02-15,9449.98,10219.5,9301.5,10000.09,512388484.73178285,71,1.4375
2018-02-14,8535.17,9489.6,8533.0,9449.99,370126692.728233,55,0.4814
2018-02-13,8903.0,8950.0,8351.0,8539.9,305165143.6969234,35,0.3818
2018-02-12,8063.82,8989.0,8053.0,8903.0,362440826.9943769,42,0.15
2018-02-09,7789.9,8738.0,7789.9,8683.92,173348469.81187892,44,0.0251
2018-02-08,7599.0,7844.0,7572.09,7784.02,11770168.04386595,30,0.0817
2018-02-07,7655.02,8476.0,7150.01,7599.0,477935038.8117769,36,0.5217
2018-02-06,6939.63,7878.0,6000.01,7652.14,684364276.3666689,8,0.0208
2018-02-05,8179.99,8382.8,6625.0,6939.99,471166218.7134473,11,0.0352
2018-02-02,9224.52,9250.0,8010.02,8873.03,434236483.7044874,15,0.1387
2018-02-01,10285.1,10335.0,8750.99,9224.52,317636345.9843711,30,0.6717
