,Average AUC,Best AUC,Average Return,Average Accuracy,Lost Money Count,Best Return,Worst Return,Best Accuracy,Worst Accuracy,Return Range,Accuracy Range,Average Precision,Average Recall,Average F1
0,0.5170289855072464,0.6376811594202898,868.1656689018379,0.46521739130434786,4.0,1075.5628820057127,732.2170208940333,0.5,0.41304347826086957,,,0.3563590252879755,0.43478260869565216,0.3846156126482213
1,0.3923913043478261,0.40760869565217384,867.9189306544425,0.5086956521739131,4.0,1229.288712870102,746.7934541070236,0.5217391304347826,0.5,,,0.5100854700854701,0.2782608695652174,0.2556022408963585
2,0.544927536231884,0.6268115942028984,855.1955643309477,0.49565217391304345,5.0,983.4050631032304,633.269682157719,0.5869565217391305,0.3695652173913043,,,0.49411764705882344,0.5217391304347826,0.4903571055577597
3,0.5449275362318841,0.6702898550724637,861.7495807527257,0.491304347826087,4.0,1112.9025952981747,695.9775773791405,0.5217391304347826,0.43478260869565216,,,0.483625730994152,0.4521739130434782,0.4359455174754207
4,0.5159420289855072,0.6249999999999999,903.4651875421584,0.4782608695652174,3.0,1174.4377400278358,701.7306165233265,0.5217391304347826,0.43478260869565216,,,0.4583419990069607,0.5478260869565218,0.471163961158794
5,0.486231884057971,0.5652173913043478,1019.5159498707255,0.508695652173913,2.0,1204.890171548011,857.2485496195793,0.5869565217391305,0.45652173913043476,,,0.5183255813953488,0.6260869565217392,0.5390138466734211
6,0.40398550724637683,0.47101449275362317,877.3079917199587,0.4913043478260869,3.0,1080.9073407478256,751.0486747942498,0.5217391304347826,0.4782608695652174,,,0.42023809523809524,0.29565217391304344,0.3153537880257296
7,0.5561594202898551,0.6648550724637682,880.8180073110392,0.4956521739130434,4.0,1121.6394790574427,676.0408852671407,0.5652173913043478,0.43478260869565216,,,0.47602564102564104,0.5043478260869565,0.47620646296325847
8,0.5239130434782607,0.6123188405797101,975.2400114328896,0.4999999999999999,3.0,1238.4271507605831,721.3104306558048,0.5869565217391305,0.41304347826086957,,,0.48936001929105377,0.43478260869565216,0.4455756661639014
9,0.4721014492753623,0.625,1011.6168710708989,0.5260869565217391,3.0,1352.6912115592522,786.9725896207254,0.5652173913043478,0.4782608695652174,,,0.582207729468599,0.5391304347826087,0.47800877738120695
10,0.5554347826086956,0.6322463768115942,1078.2688045870439,0.49565217391304345,1.0,1413.5655951927847,776.3936731723634,0.5217391304347826,0.4782608695652174,,,0.5113553113553114,0.5478260869565217,0.46598331640348445
11,0.4786231884057971,0.5326086956521738,1080.6133575159988,0.5565217391304348,2.0,1272.0988521669753,796.4969004127996,0.6086956521739131,0.5,,,0.6680952380952381,0.28695652173913044,0.3813083336574993
12,0.4583333333333333,0.5579710144927537,1177.229393700351,0.5565217391304348,0.0,1390.7141706777888,1014.7308965299652,0.5869565217391305,0.5,,,0.578428871155071,0.5304347826086957,0.5009581631922058
13,0.49637681159420294,0.782608695652174,861.0201329757505,0.5826086956521739,5.0,918.7625662086645,722.6972471452384,0.6086956521739131,0.5652173913043478,,,0.713076923076923,0.2782608695652174,0.3951222458174627
14,0.5293478260869564,0.6159420289855072,939.3197841686457,0.5217391304347826,3.0,1101.8886260339493,788.2250430987225,0.5652173913043478,0.4782608695652174,,,0.5554804804804805,0.591304347826087,0.48546911237613327
15,0.5438405797101449,0.6630434782608695,886.845569482675,0.5217391304347826,3.0,1166.3704931755958,707.0253145246778,0.6304347826086957,0.4782608695652174,,,0.5235606746194981,0.39999999999999997,0.4455555555555556
16,0.5181159420289855,0.5978260869565217,977.503136023431,0.5043478260869565,3.0,1397.8532005819848,734.9013090399819,0.6086956521739131,0.3695652173913043,,,0.6007231800766284,0.3826086956521739,0.3845008673497045
17,0.4909420289855072,0.572463768115942,1027.3912216592976,0.5391304347826087,1.0,1204.775000125819,723.3758098660779,0.5869565217391305,0.5,,,0.5307178968655207,0.5478260869565217,0.5206357034654182
18,0.5300724637681159,0.6014492753623187,997.943786731658,0.5217391304347826,3.0,1281.7079906038703,784.47048561154,0.6304347826086957,0.45652173913043476,,,0.5178627963827205,0.6695652173913043,0.5675089231910257
19,0.5735507246376812,0.6648550724637681,862.0205007758962,0.5043478260869565,4.0,1183.7701661079107,621.5459850175572,0.5434782608695652,0.45652173913043476,,,0.48215994420928004,0.4608695652173913,0.4408864602307225
20,0.5442028985507246,0.5851449275362319,919.5954183333761,0.4826086956521739,4.0,1246.480281387545,782.588074498628,0.5652173913043478,0.43478260869565216,,,0.45494987468671677,0.591304347826087,0.4839699908763896
21,0.5101449275362319,0.5344202898550725,934.7312549889709,0.5652173913043478,4.0,1342.5684573355377,745.64712130584,0.6086956521739131,0.5217391304347826,,,0.6032806582212354,0.49565217391304356,0.4853382656661346
22,0.5597826086956521,0.6340579710144928,741.3313844066656,0.4608695652173913,5.0,964.0794096180769,614.2540892711369,0.5217391304347826,0.41304347826086957,,,0.438008658008658,0.33043478260869563,0.3705339713547648
23,0.5,0.5778985507246377,792.0391085039035,0.4478260869565217,4.0,1035.9049943075536,629.3681050145548,0.4782608695652174,0.391304347826087,,,0.34883399209486166,0.4608695652173913,0.37190628666190334
24,0.5583333333333333,0.6684782608695652,907.0713999536238,0.48260869565217385,4.0,1030.0915838345097,813.0122329536524,0.5434782608695652,0.43478260869565216,,,0.460026555416755,0.5565217391304348,0.48261522115477484
25,0.5266304347826086,0.5751811594202898,886.3033857077593,0.5043478260869565,4.0,1036.5487620366475,695.917985343563,0.5434782608695652,0.4782608695652174,,,0.4927141382868937,0.3391304347826087,0.3964832813741671
26,0.5126811594202899,0.5869565217391305,932.7008317677034,0.5478260869565218,3.0,1040.41974602255,833.5910463115645,0.5652173913043478,0.5217391304347826,,,0.5457723577235772,0.5478260869565218,0.4974185682738314
27,0.5278985507246376,0.625,985.035255612864,0.5086956521739131,2.0,1234.164146994421,746.7934541070236,0.5217391304347826,0.4782608695652174,,,0.49333333333333335,0.43478260869565216,0.36365918794427704
28,0.5076086956521739,0.5760869565217391,957.6611355621969,0.5434782608695652,3.0,1238.6044569963406,769.3554094492001,0.6304347826086957,0.4782608695652174,,,0.5615079365079365,0.4434782608695652,0.47073836041142736
29,0.42065217391304355,0.5271739130434783,997.9169506929363,0.5130434782608695,2.0,1186.358459044144,746.7934541070236,0.5869565217391305,0.4782608695652174,,,0.43188034188034186,0.4521739130434783,0.4134739801937869
30,0.4119565217391304,0.45652173913043476,938.4176426210421,0.4478260869565217,3.0,1131.261564957169,746.7934541070236,0.5,0.41304347826086957,,,0.3578124445028043,0.5826086956521739,0.4415215754031544
31,0.4619565217391304,0.5561594202898551,1011.7967505998467,0.5086956521739131,2.0,1239.8025892178473,726.5707845432232,0.5652173913043478,0.43478260869565216,,,0.49943833943833943,0.43478260869565216,0.44936476292161787
32,0.461231884057971,0.4909420289855072,1039.042492619697,0.5,3.0,1193.4387942241428,937.6598171267808,0.5434782608695652,0.45652173913043476,,,0.47823852116875365,0.6869565217391304,0.5537264805415529
33,0.4916666666666667,0.6032608695652174,1142.3093353744584,0.5521739130434782,2.0,1448.4053978117797,866.8173652933683,0.5869565217391305,0.5217391304347826,,,0.5468254043130216,0.6521739130434783,0.5450377073906486
34,0.49746376811594206,0.5869565217391305,971.4898801810592,0.4782608695652174,3.0,1216.898947945238,750.1148986579867,0.5217391304347826,0.41304347826086957,,,0.47698101706722407,0.5130434782608695,0.4713087351245246
35,0.5144927536231884,0.5706521739130435,982.7355215868225,0.4391304347826087,3.0,1208.9392841960823,787.9255062232065,0.4782608695652174,0.3695652173913043,,,0.42963782004029677,0.5652173913043478,0.47395751438570344
36,0.5333333333333334,0.6413043478260869,840.4125135319985,0.4782608695652174,3.0,1054.0736256739863,635.5301688435106,0.5217391304347826,0.43478260869565216,,,0.4523982056590752,0.4782608695652174,0.4340587335501985
37,0.40688405797101446,0.5090579710144928,983.7535981378026,0.5478260869565217,2.0,1195.8473227084914,766.9655732215881,0.6956521739130435,0.4782608695652174,,,0.5910341690829496,0.3913043478260869,0.4134743230625584
38,0.528623188405797,0.6938405797101449,874.4699766805503,0.4913043478260869,5.0,948.4402662485395,749.0652545845313,0.5217391304347826,0.45652173913043476,,,0.47711764705882354,0.6347826086956522,0.5312237350416815
39,0.553623188405797,0.6195652173913043,758.355770144901,0.48260869565217385,5.0,942.154312951247,642.3005724783201,0.5652173913043478,0.34782608695652173,,,0.5515401694968258,0.30434782608695654,0.3484563671622495
40,0.48659420289855077,0.5471014492753623,1061.2426142973886,0.5130434782608695,1.0,1137.5790727460467,929.9047242386196,0.5217391304347826,0.4782608695652174,,,0.5123076923076924,0.4608695652173912,0.44828830317552126
41,0.5105072463768117,0.5942028985507246,980.2389379097764,0.5652173913043479,2.0,1106.6671727771034,767.809567394715,0.6304347826086957,0.43478260869565216,,,0.6246753246753246,0.4695652173913043,0.49339204460908326
42,0.49637681159420294,0.5905797101449275,990.8976905997463,0.5173913043478261,2.0,1060.3569147051885,933.9647125508458,0.5869565217391305,0.4782608695652174,,,0.5064170108712709,0.6260869565217391,0.5424333497264773
43,0.4507246376811594,0.5380434782608695,852.5577164436493,0.48695652173913045,4.0,1101.8886260339493,652.1161068193734,0.5869565217391305,0.41304347826086957,,,0.4808463396506875,0.4695652173913044,0.4486982752967408
44,0.5253623188405797,0.5797101449275363,1041.8740691433827,0.5260869565217391,2.0,1297.5265775123519,805.8261406592468,0.5652173913043478,0.4782608695652174,,,0.5097869674185463,0.6608695652173913,0.5676505662299225
45,0.49420289855072463,0.5670289855072463,1103.3426103003715,0.5260869565217391,2.0,1588.6321485460624,796.9095265380676,0.5869565217391305,0.45652173913043476,,,0.49802358560979243,0.5304347826086956,0.4975589937854089
46,0.47101449275362317,0.5326086956521738,794.0743141550831,0.4826086956521739,5.0,901.9937320887176,710.5325909759937,0.5,0.45652173913043476,,,0.34275458761847144,0.23478260869565215,0.25476190476190474
47,0.47572463768115936,0.5996376811594203,1070.6884610306274,0.5347826086956522,1.0,1357.7144471609602,902.7774330390599,0.5869565217391305,0.5,,,0.5245396825396826,0.5565217391304348,0.5169754413393264
48,0.517391304347826,0.5996376811594202,1092.913655534339,0.5478260869565218,1.0,1268.953076807704,811.4171154711842,0.5869565217391305,0.5217391304347826,,,0.5455648926237162,0.5391304347826087,0.516471704520485
49,0.46376811594202894,0.532608695652174,1240.7644143546229,0.5260869565217391,1.0,1480.263384934271,944.9685000774808,0.5434782608695652,0.5,,,0.5248695539393214,0.7652173913043477,0.6022841727926473
50,0.42898550724637685,0.5307971014492754,1137.258933908152,0.5,1.0,1498.40501467095,926.9007990049763,0.5434782608695652,0.45652173913043476,,,0.49888413995390735,0.5304347826086956,0.46994623655913986
51,0.36775362318840576,0.4855072463768116,890.1232349063005,0.5347826086956522,3.0,1141.2196645778558,723.949365996154,0.5869565217391305,0.4782608695652174,,,0.4171402362114437,0.32173913043478264,0.3453333333333333
52,0.422463768115942,0.5434782608695652,958.1770324930764,0.5391304347826088,4.0,1301.2718699087686,746.7934541070236,0.6521739130434783,0.4782608695652174,,,0.45391414141414144,0.3652173913043478,0.3861665773251139
53,0.37318840579710144,0.5090579710144928,1033.6024975964003,0.5695652173913044,3.0,1423.9677907303694,821.3824427554856,0.6304347826086957,0.5217391304347826,,,0.6294117647058823,0.42608695652173917,0.46062130429452797
54,0.39565217391304347,0.49275362318840576,1088.7150121816044,0.5,2.0,1305.5072965599352,746.7934541070236,0.6086956521739131,0.43478260869565216,,,0.4094047619047618,0.4782608695652174,0.4208329601433049
55,0.502536231884058,0.5615942028985508,1009.0667074438932,0.4913043478260869,3.0,1301.5906430500547,742.819213713549,0.5434782608695652,0.45652173913043476,,,0.3921942493127973,0.6782608695652174,0.4964962638964826
56,0.532608695652174,0.6539855072463768,939.2921699679742,0.4869565217391304,3.0,1175.8332593560306,760.1173775600935,0.5434782608695652,0.391304347826087,,,0.4984848484848484,0.25217391304347825,0.31390935861524094
57,0.43804347826086953,0.5452898550724637,1200.4349296454297,0.5608695652173913,1.0,1554.6211679775797,869.5955383236889,0.6304347826086957,0.5,,,0.549073260235897,0.7130434782608696,0.6008600095556618
58,0.5192028985507247,0.6322463768115941,854.7757607570142,0.508695652173913,5.0,960.7048709853401,754.7157598950694,0.5652173913043478,0.4782608695652174,,,0.4806837606837607,0.5043478260869565,0.4662109473318109
59,0.4695652173913043,0.5615942028985507,939.591963286897,0.5304347826086956,3.0,1218.6286009216658,744.4757805618109,0.5869565217391305,0.45652173913043476,,,0.6130119889710682,0.408695652173913,0.42871578099838975
60,0.519927536231884,0.5942028985507246,1028.357296442361,0.4913043478260869,2.0,1211.7712040419,786.6666029924488,0.5652173913043478,0.32608695652173914,,,0.5124286341677646,0.5043478260869565,0.48509587498056883
61,0.4978260869565217,0.552536231884058,1107.3934279528742,0.5043478260869565,2.0,1592.0769550286363,679.3511971254286,0.5869565217391305,0.41304347826086957,,,0.3961171853097841,0.5478260869565217,0.44070054945054943
62,0.5405797101449276,0.6376811594202899,1057.1128180387673,0.5347826086956522,2.0,1308.340286809206,853.3732312494363,0.5869565217391305,0.5,,,0.5394224940675245,0.49565217391304356,0.4763070263070263
63,0.5380434782608695,0.6177536231884058,908.3882575661279,0.5,4.0,1039.9663400114541,784.8886625376348,0.5652173913043478,0.41304347826086957,,,0.49839502602660496,0.582608695652174,0.5269216905744738
64,0.47862318840579715,0.592391304347826,878.9207828569481,0.4826086956521739,4.0,1143.5387138604538,707.828023283825,0.5217391304347826,0.43478260869565216,,,0.47581494386372436,0.6434782608695653,0.5144505947955096
65,0.4755434782608695,0.572463768115942,938.6826750111929,0.5173913043478262,4.0,1450.2897561308512,749.7842247031848,0.5434782608695652,0.5,,,0.525,0.3565217391304348,0.33186934724261913
66,0.39275362318840584,0.5,851.7587329266377,0.48695652173913045,4.0,1101.1187773097206,674.0215246510901,0.5217391304347826,0.43478260869565216,,,0.4479719004719005,0.3130434782608696,0.3314918414918415
67,0.5623188405797102,0.5978260869565217,976.9063734835256,0.4782608695652174,3.0,1244.0247737169984,827.2752268453147,0.5869565217391305,0.41304347826086957,,,0.4496457394403103,0.5999999999999999,0.4956709907847106
68,0.48768115942028983,0.5326086956521738,1055.1423233676549,0.5304347826086956,2.0,1302.5423855071317,801.2723266640883,0.5869565217391305,0.4782608695652174,,,0.5278367562669888,0.5043478260869565,0.46520644615259543
69,0.47898550724637684,0.4909420289855072,869.9086301110958,0.5521739130434782,5.0,896.8461365517273,800.2565800884486,0.5652173913043478,0.5217391304347826,,,0.5227027027027027,0.7043478260869566,0.5987347391786904
70,0.4702898550724637,0.4963768115942029,869.7351107449783,0.5521739130434783,4.0,1000.7093965621134,771.6124946063882,0.6086956521739131,0.5,,,0.5226149425287356,0.6782608695652174,0.5901253463517616
71,0.48369565217391297,0.519927536231884,889.8219023052758,0.5652173913043479,5.0,967.5373323155409,771.6124946063882,0.5869565217391305,0.5434782608695652,,,0.5327090285502409,0.7043478260869565,0.6064563389091692
72,0.46739130434782605,0.4800724637681159,867.3590360291971,0.5434782608695652,5.0,892.2787274763516,815.9121449667955,0.5652173913043478,0.5,,,0.5167816091954023,0.6608695652173914,0.5799709724238027
73,0.47318840579710136,0.48913043478260876,705.5486624990976,0.48695652173913045,4.0,1013.8101605177188,591.1669547779826,0.5434782608695652,0.45652173913043476,,,0.44048427063132944,0.38260869565217387,0.3808271298593879
74,0.47137681159420286,0.47826086956521735,818.192026514111,0.5391304347826087,4.0,1000.7093965621134,648.4690525386868,0.6086956521739131,0.4782608695652174,,,0.39249999999999996,0.4434782608695652,0.38780314025597046
75,0.466304347826087,0.47644927536231885,887.45554000373,0.5608695652173912,5.0,892.2787274763516,868.1627901132433,0.5652173913043478,0.5434782608695652,,,0.5301149425287356,0.6869565217391304,0.5984034833091437
76,0.461231884057971,0.4710144927536232,819.0069721351232,0.5434782608695652,5.0,892.2787274763516,701.3381727186995,0.5652173913043478,0.5217391304347826,,,0.5175632183908045,0.6086956521739131,0.557635058861474
77,0.4804347826086956,0.5090579710144927,898.0228962713172,0.5739130434782609,5.0,964.8903777486003,788.3921515544089,0.5869565217391305,0.5652173913043478,,,0.5444038583175205,0.6695652173913043,0.5912300506143604
78,0.4666666666666667,0.47282608695652173,768.7982162546381,0.5217391304347826,5.0,892.2787274763516,663.2744679365682,0.5652173913043478,0.4782608695652174,,,0.4106666666666666,0.2782608695652174,0.2752418964683116
79,0.46775362318840574,0.46920289855072467,859.0470073966695,0.5434782608695652,5.0,892.2787274763516,750.5158755916927,0.5652173913043478,0.5,,,0.5162962962962963,0.6521739130434783,0.5760680725120236
80,0.4608695652173913,0.4692028985507246,849.6506704113101,0.5565217391304348,5.0,886.3378431888306,756.138553070078,0.5869565217391305,0.5434782608695652,,,0.5302925631201493,0.6260869565217392,0.5737216117216117
81,0.5496376811594202,0.6141304347826086,865.030456614476,0.5608695652173913,5.0,896.958729469369,835.170872917319,0.5869565217391305,0.5434782608695652,,,0.5358169129720853,0.6434782608695652,0.5756618787848458
82,0.5043478260869565,0.5235507246376812,714.7599638616311,0.5,5.0,910.0772345570647,626.0077556284629,0.5652173913043478,0.45652173913043476,,,0.45021008403361346,0.28695652173913044,0.32696279684894486
83,0.46775362318840574,0.47826086956521735,804.2295578859,0.5478260869565217,5.0,868.1627901132433,751.8721719847285,0.5652173913043478,0.5217391304347826,,,0.5235632183908046,0.6,0.5581682754935036
84,0.4710144927536232,0.4945652173913043,798.3683040450185,0.5304347826086956,5.0,869.4513755711548,716.7420053158504,0.5434782608695652,0.5,,,0.4994891443167305,0.5304347826086957,0.49889167974882265
85,0.548913043478261,0.5851449275362318,1082.4766813872316,0.5260869565217392,2.0,1262.3792269437174,871.7139300922852,0.6086956521739131,0.45652173913043476,,,0.5102130262295304,0.7565217391304347,0.6034697398352786
86,0.5423913043478261,0.5778985507246377,747.7450302912297,0.5217391304347826,5.0,886.4944308883796,659.0731294669126,0.5434782608695652,0.4782608695652174,,,0.4962962962962963,0.49565217391304356,0.4717095739807604
87,0.4992753623188406,0.5362318840579711,760.8401451794641,0.5434782608695652,5.0,783.8028764377293,730.9038845307614,0.5652173913043478,0.5217391304347826,,,0.5584612794612794,0.41739130434782606,0.4323290972690222
88,0.49021739130434777,0.5217391304347826,720.277036367608,0.5260869565217392,5.0,778.1130914718889,689.9943437324252,0.5434782608695652,0.5,,,0.52,0.3739130434782608,0.4031042471042471
89,0.47355072463768105,0.4873188405797102,889.5020324868917,0.5521739130434782,5.0,994.5164378310773,777.1426668046585,0.5869565217391305,0.5217391304347826,,,0.5233333333333333,0.6956521739130436,0.5957358342354298
90,0.46739130434782605,0.48188405797101447,932.4546545209116,0.5695652173913043,4.0,1084.150797886865,868.1627901132433,0.5869565217391305,0.5434782608695652,,,0.5350304571216695,0.7217391304347827,0.6138544580314262
91,0.46630434782608693,0.4891304347826087,853.3785328733481,0.5478260869565217,5.0,892.2787274763516,772.6698595677581,0.5652173913043478,0.5217391304347826,,,0.52,0.5478260869565218,0.4880680725120238
92,0.46702898550724636,0.4782608695652174,868.54710298604,0.5478260869565217,5.0,892.2787274763516,815.9121449667955,0.5652173913043478,0.5,,,0.521025641025641,0.6521739130434783,0.5788720713249016
93,0.4721014492753623,0.4855072463768116,843.3309887348539,0.5391304347826087,4.0,1000.7093965621134,603.7755455050307,0.6086956521739131,0.4782608695652174,,,0.5087486938349007,0.6434782608695653,0.5645056172436603
94,0.4594202898550724,0.467391304347826,856.8973230245738,0.5434782608695652,5.0,964.8903777486003,746.7934541070236,0.5869565217391305,0.5,,,0.4191458101594364,0.5565217391304348,0.4780093142357294
95,0.46304347826086956,0.46376811594202905,850.364502397965,0.5347826086956522,5.0,892.2787274763516,755.8948476256733,0.5652173913043478,0.5217391304347826,,,0.5106666666666666,0.6173913043478261,0.5584998150203478
96,0.45978260869565213,0.4692028985507246,836.2982203890731,0.5478260869565217,5.0,892.2787274763516,771.6124946063882,0.5652173913043478,0.5217391304347826,,,0.5212555260831122,0.6521739130434783,0.5790172092058885
97,0.46630434782608693,0.47101449275362317,868.1071957364136,0.5608695652173913,5.0,964.8903777486003,684.0718993980764,0.5869565217391305,0.5,,,0.5184024577572963,0.6,0.533361285814116
98,0.4576086956521738,0.46739130434782605,783.1530245766958,0.5130434782608695,5.0,892.2787274763516,596.212415557258,0.5652173913043478,0.45652173913043476,,,0.48666666666666664,0.4521739130434783,0.43315008448485876
99,0.46485507246376817,0.4673913043478261,839.1890468557446,0.5521739130434782,5.0,892.2787274763516,771.6124946063882,0.5652173913043478,0.5434782608695652,,,0.5236781609195402,0.6695652173913044,0.5876632801161105
100,0.45978260869565213,0.4692028985507246,829.0630241338074,0.5565217391304347,5.0,892.2787274763516,761.0207577383424,0.5652173913043478,0.5217391304347826,,,0.5293589743589743,0.6260869565217391,0.5725558950999108
101,0.47644927536231874,0.5,758.9810094852135,0.5391304347826087,5.0,852.1542835521078,631.7406509278377,0.5869565217391305,0.4782608695652174,,,0.5092733990147783,0.5478260869565217,0.5217489608325189
102,0.4619565217391305,0.47463768115942023,792.8644572494371,0.5391304347826086,5.0,869.7316923831261,706.8483326152876,0.5652173913043478,0.5,,,0.5151428571428571,0.5913043478260869,0.5503137254901961
103,0.4692028985507246,0.48188405797101447,731.7453596605426,0.5304347826086956,5.0,766.4750186091425,663.2744679365682,0.5652173913043478,0.4782608695652174,,,0.4833333333333333,0.4608695652173913,0.4489061090884799
104,0.46521739130434786,0.47282608695652173,766.9482432011924,0.5217391304347825,5.0,881.6209838761322,611.9139019427995,0.5652173913043478,0.45652173913043476,,,0.48924501424501415,0.5130434782608695,0.49428348928223775
105,0.5507246376811594,0.6014492753623188,793.9018936384099,0.5565217391304348,5.0,889.6449307511537,692.066522726686,0.6086956521739131,0.4782608695652174,,,0.5388131313131314,0.4521739130434782,0.49042977442296787
106,0.5268115942028986,0.5489130434782609,743.9839958932007,0.5130434782608695,5.0,924.3281815844217,663.3605939386529,0.5652173913043478,0.45652173913043476,,,0.4703703703703703,0.391304347826087,0.3872813067150635
107,0.4996376811594203,0.5271739130434783,724.7392198438414,0.5043478260869565,5.0,795.4833009928644,661.1626042910791,0.5652173913043478,0.4782608695652174,,,0.45988505747126435,0.30434782608695643,0.3269910219002591
108,0.5318840579710145,0.592391304347826,725.8735121962155,0.5217391304347825,5.0,766.4750186091425,632.5957118843802,0.5652173913043478,0.4782608695652174,,,0.501547619047619,0.3391304347826087,0.39284568744815107
109,0.45507246376811594,0.46376811594202894,876.7472800505988,0.5304347826086956,5.0,943.0506380231493,815.9121449667955,0.5652173913043478,0.5,,,0.5064380877742947,0.6695652173913043,0.5761730241641452
110,0.4539855072463769,0.47282608695652173,847.2374951181557,0.5434782608695652,5.0,892.2787274763516,782.4126636398973,0.5652173913043478,0.4782608695652174,,,0.5172577996715927,0.6608695652173913,0.5802014855288995
111,0.45905797101449275,0.4655797101449275,858.3024677136751,0.5478260869565217,5.0,963.7298944028964,771.6124946063882,0.5652173913043478,0.5217391304347826,,,0.5202298850574713,0.6695652173913045,0.5854862119013063
112,0.45942028985507244,0.47644927536231885,895.8826193276691,0.5521739130434782,5.0,963.7298944028964,838.8470198063942,0.5652173913043478,0.5217391304347826,,,0.5232258064516129,0.6869565217391304,0.593990216631726
113,0.47173913043478255,0.48007246376811585,850.6714773860631,0.5434782608695652,5.0,964.8903777486003,590.8019304957741,0.5869565217391305,0.43478260869565216,,,0.5040531145717464,0.6260869565217391,0.5524112924112925
114,0.4554347826086957,0.46376811594202894,854.5510414327837,0.5478260869565217,5.0,892.2787274763516,751.8721719847285,0.5652173913043478,0.5217391304347826,,,0.5202298850574713,0.6521739130434783,0.5784011137110868
115,0.4528985507246377,0.46014492753623193,802.5436759258719,0.5130434782608696,5.0,867.8829789626002,750.5158755916927,0.5217391304347826,0.5,,,0.4928480204342273,0.5913043478260869,0.5374225998091544
116,0.46014492753623193,0.4746376811594203,829.0280768094857,0.5304347826086956,5.0,892.2787274763516,648.9329085326326,0.5652173913043478,0.5,,,0.5053530377668308,0.6,0.5466562664120932
117,0.4666666666666667,0.4746376811594203,796.0285232572348,0.5304347826086957,4.0,1000.7093965621134,590.8019304957741,0.6086956521739131,0.43478260869565216,,,0.48791666666666667,0.5565217391304347,0.50863350485992
118,0.4579710144927536,0.46739130434782605,790.5472213853396,0.5565217391304348,5.0,892.2787274763516,755.8948476256733,0.5652173913043478,0.5434782608695652,,,0.5307816091954023,0.6086956521739129,0.5657492614437617
119,0.4615942028985507,0.463768115942029,783.8282556751074,0.5304347826086956,5.0,868.1627901132433,706.8483326152876,0.5434782608695652,0.5,,,0.506896551724138,0.6173913043478261,0.5565731523378583
120,0.4615942028985508,0.4710144927536232,764.1041967140812,0.5521739130434782,5.0,783.8266023826646,751.8721719847285,0.5869565217391305,0.5217391304347826,,,0.5277777777777777,0.5826086956521739,0.5535214937038646
121,0.4688405797101449,0.48731884057971014,765.7635288928358,0.5478260869565217,5.0,809.1263249343209,709.2026107969084,0.5869565217391305,0.5217391304347826,,,0.521844633238936,0.6086956521739131,0.5609318135280869
122,0.4579710144927536,0.46376811594202894,718.3329491846805,0.5260869565217391,5.0,766.4750186091425,596.212415557258,0.5652173913043478,0.45652173913043476,,,0.4966666666666667,0.5043478260869565,0.4966793884407067
123,0.4608695652173913,0.4692028985507246,761.5691484397669,0.5347826086956522,5.0,816.1752003805334,706.8483326152876,0.5652173913043478,0.5,,,0.512962962962963,0.5826086956521739,0.5446065918940841
124,0.45760869565217394,0.46557971014492755,757.7997575613701,0.5347826086956522,5.0,869.4513755711548,706.8483326152876,0.5652173913043478,0.5,,,0.5149999999999999,0.5304347826086956,0.5169712731677218
125,0.5358695652173913,0.5869565217391304,854.9765423592096,0.5478260869565217,4.0,1007.7663439831881,777.4599808999151,0.5869565217391305,0.4782608695652174,,,0.5232478632478632,0.6869565217391305,0.5913249414318622
126,0.5601449275362319,0.5778985507246377,810.7515806543248,0.5217391304347825,4.0,1055.11756931426,659.2983015725175,0.5652173913043478,0.4782608695652174,,,0.4886722488038277,0.4869565217391304,0.45279750949299674
127,0.4967391304347826,0.5235507246376812,728.606513896064,0.5,5.0,781.0818614694753,693.9767822177977,0.5217391304347826,0.4782608695652174,,,0.4711640211640211,0.41739130434782606,0.418532212885154
128,0.511231884057971,0.5688405797101449,726.5796831140512,0.5217391304347826,5.0,773.3225412324812,687.1905239945221,0.5434782608695652,0.5,,,0.493993599566355,0.43478260869565216,0.4521840736294518
129,0.46702898550724636,0.48007246376811596,816.9591887839533,0.5478260869565217,5.0,925.4022296517462,771.6124946063882,0.5869565217391305,0.5,,,0.5197923618835742,0.6695652173913043,0.5851421813685966
130,0.45760869565217394,0.4637681159420289,862.0318363173164,0.5521739130434782,5.0,892.2787274763516,816.1752003805334,0.5869565217391305,0.5217391304347826,,,0.5232406377456433,0.6782608695652174,0.5906574208461002
131,0.461231884057971,0.4673913043478261,898.195903041406,0.5608695652173912,5.0,999.8215696916159,800.2565800884486,0.5869565217391305,0.5217391304347826,,,0.5295670995670995,0.6956521739130435,0.6009354685270335
132,0.4532608695652174,0.4655797101449275,849.5332966725986,0.5434782608695652,5.0,892.2787274763516,802.5021943835997,0.5652173913043478,0.5,,,0.516814567626581,0.6608695652173913,0.5797202601730904
133,0.4601449275362318,0.4692028985507246,813.1227307910515,0.5565217391304348,5.0,892.2787274763516,753.396155554042,0.5869565217391305,0.5434782608695652,,,0.5264664441972562,0.6869565217391304,0.5959683921948074
134,0.45760869565217394,0.46376811594202894,836.8090518779936,0.5173913043478261,5.0,868.1627901132433,815.9121449667955,0.5434782608695652,0.5,,,0.496551724137931,0.6260869565217392,0.5537806995076695
135,0.4576086956521738,0.46195652173913043,867.2471115689399,0.5347826086956522,5.0,892.2787274763516,815.9121449667955,0.5652173913043478,0.5,,,0.5098850574712643,0.6434782608695653,0.5688095847918268
136,0.4608695652173913,0.4655797101449275,853.8304051069856,0.5521739130434782,5.0,892.2787274763516,800.2565800884486,0.5652173913043478,0.5217391304347826,,,0.523448275862069,0.6782608695652174,0.590856313497823
137,0.46485507246376817,0.48188405797101447,760.3279291818324,0.5260869565217391,5.0,864.6119108240979,596.212415557258,0.5652173913043478,0.45652173913043476,,,0.4932129629629629,0.5652173913043478,0.5198823086876712
138,0.45688405797101456,0.46557971014492755,773.7309101491612,0.5478260869565217,5.0,864.6119108240979,720.5767271117309,0.5652173913043478,0.5,,,0.5232129629629629,0.6,0.5572462927143779
139,0.4557971014492754,0.46920289855072467,735.7442151072057,0.5391304347826088,5.0,766.4750186091425,720.5767271117309,0.5652173913043478,0.5,,,0.5166296296296295,0.5652173913043478,0.5396382978723405
140,0.45724637681159425,0.4673913043478261,805.9828022049221,0.5304347826086957,5.0,868.1627901132433,705.8007358112023,0.5434782608695652,0.5,,,0.506896551724138,0.6434782608695653,0.5670537010159652
141,0.4605072463768115,0.4692028985507246,800.9113097613222,0.5478260869565217,5.0,868.1627901132433,751.8721719847285,0.5869565217391305,0.5217391304347826,,,0.521459028550241,0.617391304347826,0.5641937371420654
142,0.45724637681159425,0.463768115942029,722.7266657281141,0.5347826086956522,5.0,766.4750186091425,607.6571322072106,0.5652173913043478,0.4782608695652174,,,0.5063809523809523,0.5043478260869565,0.5005972429224709
143,0.45760869565217394,0.46195652173913043,730.5696950926501,0.5304347826086956,5.0,766.4750186091425,706.8483326152876,0.5652173913043478,0.5,,,0.5086296296296295,0.5739130434782609,0.538898001753893
144,0.463768115942029,0.4673913043478261,798.977137654935,0.5260869565217392,5.0,869.4513755711548,706.8483326152876,0.5434782608695652,0.5,,,0.5076923076923077,0.5478260869565217,0.5167892465162165
145,0.5086956521739131,0.5634057971014492,789.9055938456012,0.5521739130434782,5.0,823.4272921806064,762.647849281715,0.5652173913043478,0.5217391304347826,,,0.5262311762311762,0.6173913043478262,0.5680224089635855
146,0.5130434782608695,0.5579710144927535,675.9496718131679,0.4826086956521739,5.0,747.3969142869747,607.9333177274775,0.5,0.4782608695652174,,,0.42404761904761906,0.14782608695652175,0.21396701267669008
147,0.4699275362318841,0.5271739130434782,753.7557714935037,0.5521739130434782,5.0,766.4750186091425,702.8787830309491,0.5652173913043478,0.5,,,0.5256410256410255,0.5043478260869565,0.5092198581560284
148,0.475,0.4945652173913044,699.6768981606812,0.4739130434782609,5.0,862.8716317849354,586.6690198015023,0.5217391304347826,0.41304347826086957,,,0.4311680911680911,0.3652173913043478,0.3778687771458377
149,0.45942028985507244,0.5090579710144927,873.3631728698801,0.5260869565217392,3.0,1163.3739994938578,620.7473685778831,0.5434782608695652,0.5,,,0.5248896839594515,0.49565217391304345,0.4190005120327701
150,0.4242753623188406,0.46376811594202894,727.7683643891764,0.5217391304347826,5.0,791.7687054598183,638.9258148524253,0.5652173913043478,0.4782608695652174,,,0.5581746031746032,0.15652173913043477,0.24086533538146443
151,0.46340579710144925,0.5217391304347826,1016.2114254007699,0.5695652173913043,4.0,1523.3796983622362,793.5751075442959,0.6304347826086957,0.5217391304347826,,,0.534527041585865,0.6173913043478261,0.5406665655681169
152,0.4789855072463768,0.5452898550724637,869.9531065508949,0.5391304347826087,5.0,897.2176789006539,834.5653001599945,0.5652173913043478,0.5,,,0.5124337831084458,0.608695652173913,0.554673882834391
153,0.4039855072463768,0.4818840579710144,835.1821532916096,0.5260869565217392,4.0,1084.3507267478171,684.0718993980764,0.5869565217391305,0.4782608695652174,,,0.5033333333333333,0.23478260869565215,0.2816018996848849
154,0.486231884057971,0.5905797101449275,1044.5362924716537,0.5217391304347826,3.0,1443.7642898251777,874.6957179050639,0.6521739130434783,0.43478260869565216,,,0.5216666666666667,0.5304347826086956,0.5113140921842748
155,0.41159420289855075,0.47282608695652173,1071.6343022337992,0.5608695652173913,2.0,1363.6759299176335,829.175297504851,0.6304347826086957,0.5,,,0.5320390492804286,0.5130434782608695,0.4922435897435897
156,0.469927536231884,0.5108695652173914,878.281928661883,0.5434782608695652,4.0,1093.7084818280973,763.791104489939,0.5652173913043478,0.5217391304347826,,,0.5361428571428571,0.49565217391304345,0.45146943440084
157,0.44673913043478264,0.4945652173913043,872.639384460391,0.46521739130434786,4.0,1125.234191329497,732.0669445660519,0.5,0.41304347826086957,,,0.44803878474466713,0.4782608695652174,0.45467210769926136
158,0.5655797101449276,0.625,1037.3296603752074,0.5260869565217392,1.0,1223.2999001103785,790.6884113083307,0.5434782608695652,0.5,,,0.5064112388250319,0.42608695652173917,0.43799770785918596
159,0.5177536231884059,0.6268115942028986,1022.282710208915,0.5391304347826087,2.0,1192.6828862286661,825.2676284720959,0.6086956521739131,0.5,,,0.5235077519379845,0.5304347826086956,0.4951742993848257
160,0.533695652173913,0.6322463768115941,1006.2830268263435,0.508695652173913,1.0,1169.5926608429763,626.201853345507,0.5652173913043478,0.45652173913043476,,,0.48480769230769233,0.6347826086956522,0.5372572373862697
161,0.4916666666666667,0.5416666666666667,1049.1289771647778,0.49565217391304345,2.0,1405.942746764106,781.0794632191568,0.5434782608695652,0.43478260869565216,,,0.4858508055178802,0.7739130434782608,0.5923989307595865
162,0.5336956521739131,0.6213768115942029,976.3621882443238,0.4913043478260869,2.0,1036.2808808632733,808.9006011521363,0.5217391304347826,0.45652173913043476,,,0.4651948051948052,0.42608695652173906,0.4414228211220692
163,0.5739130434782608,0.6213768115942028,945.4864806661077,0.4999999999999999,3.0,1066.0722706231236,808.9103919831283,0.5217391304347826,0.45652173913043476,,,0.4841269841269841,0.6521739130434783,0.5513669299887787
164,0.5666666666666667,0.6213768115942028,1035.161822651984,0.5478260869565217,2.0,1159.776547217426,871.1663694726568,0.5869565217391305,0.5,,,0.5286662049176274,0.5478260869565217,0.5152239330437005
165,0.486231884057971,0.5634057971014493,1168.9354816248797,0.49565217391304345,1.0,1366.050947904275,862.0332185999462,0.5652173913043478,0.43478260869565216,,,0.48357989568515886,0.773913043478261,0.5846118786497649
166,0.536231884057971,0.592391304347826,852.6509315021369,0.5391304347826086,4.0,1030.0080417862628,723.573047169788,0.5652173913043478,0.5217391304347826,,,0.5374369591760896,0.3739130434782608,0.41651815575728623
167,0.5177536231884058,0.5543478260869565,886.4751361809743,0.5434782608695652,3.0,1172.8700840685538,706.8483326152876,0.5652173913043478,0.5,,,0.5270295396611185,0.5304347826086956,0.49618003574251646
168,0.5460144927536231,0.6268115942028986,909.9317549026073,0.5304347826086955,3.0,1201.9722551931377,653.2155385834789,0.5652173913043478,0.45652173913043476,,,0.4974786324786325,0.5304347826086956,0.49558157542935566
169,0.4518115942028985,0.4692028985507246,823.3638327208075,0.5304347826086956,5.0,885.6953211213304,686.2569391535956,0.5652173913043478,0.45652173913043476,,,0.5112532320620555,0.5826086956521739,0.5042123246115986
170,0.46014492753623193,0.4909420289855073,866.2360880138131,0.5565217391304348,5.0,903.9791291639792,750.3651284760317,0.5652173913043478,0.5434782608695652,,,0.532121212121212,0.6173913043478261,0.5542809576660854
171,0.43731884057971004,0.4909420289855072,899.4608590168489,0.5478260869565217,3.0,1250.9774404074178,686.2569391535956,0.6086956521739131,0.5,,,0.5617460317460317,0.38260869565217387,0.3805987529111261
172,0.46485507246376806,0.4782608695652174,867.0108990642378,0.5391304347826088,5.0,892.2787274763516,838.8470198063942,0.5652173913043478,0.5217391304347826,,,0.5133407489803485,0.6521739130434783,0.574265694021521
173,0.41884057971014493,0.49999999999999994,1007.7700585980867,0.5478260869565218,2.0,1289.5238689418047,731.011614293338,0.6304347826086957,0.5,,,0.4532774153463809,0.5478260869565217,0.4459416445623342
174,0.4192028985507246,0.4601449275362319,783.7116402708459,0.5347826086956522,5.0,919.3390385978265,669.7864623119174,0.5869565217391305,0.4782608695652174,,,0.5363765736179529,0.42608695652173917,0.42145411078968686
175,0.43985507246376815,0.4619565217391304,821.2716598811392,0.5347826086956522,5.0,892.2787274763516,720.8365311307299,0.5652173913043478,0.4782608695652174,,,0.5315457875457875,0.42608695652173917,0.43371390065460147
176,0.46702898550724636,0.47644927536231885,900.2090517109689,0.5565217391304348,5.0,966.6789356173689,868.1627901132433,0.5652173913043478,0.5434782608695652,,,0.527504219918013,0.6782608695652174,0.5926083350611654
177,0.5351449275362319,0.5742753623188406,941.8856501493717,0.5086956521739131,4.0,1134.7778107788743,763.7913233362099,0.5652173913043478,0.45652173913043476,,,0.5386906787672527,0.6173913043478261,0.5143849206349207
178,0.506159420289855,0.5615942028985507,1049.9309775482345,0.5521739130434783,2.0,1459.8684968143157,790.9957087244525,0.6739130434782609,0.5,,,0.5332057416267942,0.49565217391304356,0.5045049615909692
179,0.47717391304347834,0.5362318840579711,941.3876989832266,0.5608695652173912,3.0,1098.896148227117,785.4393820328557,0.5869565217391305,0.5434782608695652,,,0.5342593575007367,0.608695652173913,0.5587200563337941
180,0.48478260869565215,0.5144927536231884,879.6654286782141,0.5652173913043479,4.0,1099.2497965733448,735.6493011166522,0.5869565217391305,0.5217391304347826,,,0.5378000247188233,0.5478260869565217,0.5189314448195437
181,0.5539855072463767,0.6105072463768115,1106.2123140201468,0.5260869565217391,2.0,1575.1426172992017,704.646984388033,0.6304347826086957,0.43478260869565216,,,0.49990131197027743,0.6695652173913043,0.5682883121606526
182,0.5778985507246377,0.6177536231884058,956.5528654887567,0.5652173913043479,4.0,1106.6057140866753,839.8807102217922,0.5869565217391305,0.5217391304347826,,,0.5677536231884057,0.42608695652173906,0.4604690967586116
183,0.5478260869565216,0.6050724637681159,877.2878551775424,0.5434782608695652,4.0,1063.4408128272096,753.7404832349279,0.5869565217391305,0.5,,,0.5513162393162394,0.4521739130434783,0.4406957977768363
184,0.5362318840579711,0.576086956521739,794.6525541089634,0.5391304347826087,5.0,930.1543033529933,734.1168201762974,0.5869565217391305,0.5,,,0.5101432880844645,0.4434782608695652,0.45581103363331144
185,0.5014492753623188,0.5489130434782609,1056.379196224129,0.4913043478260869,1.0,1250.620516948365,761.9128396032888,0.5652173913043478,0.41304347826086957,,,0.47767857142857145,0.5043478260869565,0.46110603144658874
186,0.5119565217391304,0.5760869565217391,778.0537257013905,0.48260869565217385,5.0,907.7136017527644,644.4970849381573,0.5652173913043478,0.3695652173913043,,,0.49743407707910753,0.5217391304347826,0.47304587514821106
187,0.5152173913043478,0.5615942028985507,792.2821559215568,0.5478260869565218,5.0,941.4434245661168,682.9564823741249,0.5869565217391305,0.5217391304347826,,,0.54004329004329,0.3652173913043478,0.4013225431793489
188,0.5264492753623188,0.5797101449275361,822.8394810688089,0.5260869565217392,4.0,1122.33374343189,693.6300194397152,0.6086956521739131,0.41304347826086957,,,0.45940799396681753,0.3652173913043478,0.38815564781082024
189,0.4615942028985507,0.48188405797101447,974.9174310057522,0.5434782608695652,3.0,1073.7922944446937,892.2787274763516,0.5652173913043478,0.5,,,0.516805376277993,0.7652173913043478,0.6132954579738855
190,0.45942028985507244,0.4782608695652173,864.266335713905,0.5434782608695652,4.0,1102.5720838778104,670.9385158688033,0.5869565217391305,0.5,,,0.5010247747747748,0.49565217391304345,0.4359254721518872
191,0.45507246376811594,0.48188405797101447,850.3101609804993,0.5347826086956521,5.0,964.0343294218908,691.4055245870459,0.5652173913043478,0.4782608695652174,,,0.5101149425287356,0.5739130434782609,0.5102459154378478
192,0.46557971014492755,0.4746376811594203,893.8431418064487,0.5434782608695652,4.0,1063.1070300356562,753.6682450812843,0.5652173913043478,0.5,,,0.5188888888888888,0.5739130434782609,0.49612691485292554
193,0.4481884057971014,0.4655797101449275,913.8914555661388,0.5391304347826087,3.0,1084.150797886865,669.4570501425856,0.5869565217391305,0.5,,,0.510085117918135,0.7130434782608697,0.5925993143778987
194,0.46594202898550724,0.4728260869565216,874.1839913830818,0.5478260869565218,5.0,999.8215696916159,753.6682450812843,0.5869565217391305,0.5,,,0.5222091886608016,0.5826086956521739,0.5023631825895978
195,0.4702898550724637,0.49275362318840576,901.8066603928377,0.5608695652173912,5.0,964.0343294218908,868.1627901132433,0.5652173913043478,0.5434782608695652,,,0.5296982758620689,0.6956521739130433,0.6012851299643753
196,0.45942028985507244,0.4655797101449275,859.6774812945878,0.5434782608695652,5.0,892.2787274763516,753.6682450812843,0.5652173913043478,0.5,,,0.5199999999999999,0.5478260869565218,0.4880680725120238
197,0.48478260869565215,0.5271739130434783,798.6044340291224,0.5347826086956522,4.0,1038.7330942245035,664.1664083978972,0.5652173913043478,0.5,,,0.5211843711843712,0.49565217391304345,0.4914643129979265
198,0.5246376811594202,0.5706521739130435,1029.5014149781712,0.5565217391304349,2.0,1275.199461272927,663.8104390642964,0.6086956521739131,0.4782608695652174,,,0.5404251812788399,0.6260869565217391,0.5161931348221671
199,0.46739130434782605,0.4782608695652174,798.9159433883949,0.5434782608695652,5.0,892.9365468735717,703.7900996852891,0.5652173913043478,0.5217391304347826,,,0.5612637362637363,0.3565217391304348,0.39527243155326647
200,0.46847826086956523,0.48550724637681153,822.2401376059248,0.5260869565217392,5.0,905.0666826428134,753.6682450812843,0.5652173913043478,0.5,,,0.50625,0.4782608695652174,0.44469911442608445
201,0.5130434782608695,0.5289855072463768,933.1811030126449,0.48695652173913045,4.0,1131.3861173208693,832.356836655397,0.5434782608695652,0.41304347826086957,,,0.47776061776061773,0.7391304347826086,0.5802177858439201
202,0.5398550724637681,0.5688405797101449,821.3927854981519,0.4913043478260869,5.0,944.6807238677628,638.8943446350836,0.5434782608695652,0.45652173913043476,,,0.44646411483253595,0.3652173913043478,0.3637475243931523
203,0.5213768115942029,0.5652173913043478,802.5953812526352,0.5391304347826087,5.0,894.2816480911569,724.8356722046167,0.5652173913043478,0.5217391304347826,,,0.5148465608465609,0.43478260869565216,0.44120619860847565
204,0.5460144927536232,0.5942028985507246,922.9072036272622,0.5434782608695652,2.0,1086.276069364456,661.1626042910791,0.6086956521739131,0.4782608695652174,,,0.5009515506289699,0.5652173913043478,0.5003749988655649
205,0.4692028985507246,0.5307971014492754,1117.945267990653,0.5,2.0,1370.665209573045,917.9590992683208,0.5434782608695652,0.43478260869565216,,,0.4994115724092841,0.7565217391304347,0.5793190613718056
206,0.5644927536231883,0.6304347826086957,838.6181831440938,0.5391304347826086,5.0,911.425416125324,768.9426392590015,0.5869565217391305,0.4782608695652174,,,0.5424958949096881,0.4,0.432286395722315
207,0.5449275362318841,0.5815217391304347,836.6654869311535,0.5478260869565217,5.0,930.9402050381765,777.4599808999151,0.5869565217391305,0.4782608695652174,,,0.5316450103950103,0.6782608695652174,0.5799605073289285
208,0.5695652173913044,0.6666666666666667,753.5137578538931,0.5347826086956522,5.0,788.8963668681441,703.3668335725882,0.5652173913043478,0.5,,,0.5146464646464646,0.3391304347826087,0.38324414138362606
209,0.47101449275362317,0.5090579710144928,777.4115534024323,0.5130434782608695,5.0,925.4022296517462,590.8019304957741,0.5869565217391305,0.43478260869565216,,,0.38812569521690765,0.4521739130434782,0.4126529244176303
210,0.46847826086956523,0.4909420289855072,832.1881019982909,0.5347826086956522,4.0,1043.2531319284697,637.8840110134494,0.5652173913043478,0.5,,,0.5133333333333333,0.5565217391304348,0.5059656673840148
211,0.4666666666666667,0.48188405797101447,908.5303679919914,0.5434782608695652,4.0,1045.3451086831817,750.7578468203212,0.5652173913043478,0.5,,,0.5159898798228969,0.6869565217391304,0.588740256115687
212,0.46557971014492755,0.47282608695652173,913.7872959194044,0.5695652173913043,5.0,999.8215696916159,892.2787274763516,0.5869565217391305,0.5652173913043478,,,0.5357575757575757,0.7130434782608696,0.611590296495957
213,0.4510869565217391,0.4692028985507246,796.1470335899335,0.5260869565217391,5.0,942.1111065570663,626.0077556284629,0.5869565217391305,0.45652173913043476,,,0.4942516838872266,0.6260869565217391,0.5462108262108262
214,0.458695652173913,0.4692028985507246,795.7412199583935,0.5260869565217391,5.0,892.2787274763516,665.6599353592779,0.5652173913043478,0.4782608695652174,,,0.4956067588325652,0.5652173913043478,0.5056883298392731
215,0.45398550724637676,0.46557971014492755,928.3096259738543,0.5739130434782609,5.0,999.8215696916159,892.2787274763516,0.5869565217391305,0.5652173913043478,,,0.5387683284457477,0.7217391304347825,0.6167615054407507
216,0.4583333333333333,0.46376811594202894,811.5108249307025,0.5173913043478261,5.0,892.2787274763516,753.6682450812843,0.5652173913043478,0.5,,,0.5331034482758621,0.40869565217391307,0.38290856313497823
217,0.46268115942028987,0.4909420289855072,901.3622853745668,0.5782608695652174,5.0,964.8903777486003,814.3765815282932,0.6086956521739131,0.5434782608695652,,,0.5426148395336383,0.7217391304347827,0.6181182951173357
218,0.4692028985507246,0.49456521739130427,723.844698150039,0.5086956521739131,5.0,838.8470198063942,595.1156516466868,0.5434782608695652,0.43478260869565216,,,0.4841781874039938,0.2608695652173913,0.2988086704215736
219,0.4594202898550724,0.46376811594202894,868.1454809023589,0.5608695652173912,5.0,892.2787274763516,771.6124946063882,0.5652173913043478,0.5434782608695652,,,0.5301149425287356,0.6869565217391305,0.5984034833091438
220,0.4605072463768116,0.46739130434782605,797.266360012612,0.5434782608695652,5.0,869.4513755711548,710.6301211631315,0.5652173913043478,0.5217391304347826,,,0.5189335887611749,0.608695652173913,0.5595299776211631
221,0.4971014492753624,0.5543478260869565,768.0482317605984,0.5173913043478261,5.0,889.5466071780786,671.6551354472774,0.5434782608695652,0.4782608695652174,,,0.5142857142857143,0.4695652173913043,0.459678337080714
222,0.552536231884058,0.6159420289855072,915.8140276442251,0.5521739130434783,4.0,1029.3247362073387,739.6870779550649,0.5869565217391305,0.4782608695652174,,,0.5432488479262673,0.6695652173913044,0.5655443343269743
223,0.4865942028985507,0.536231884057971,783.3256921521775,0.5391304347826086,5.0,976.7213152821078,715.5055949925054,0.5652173913043478,0.5217391304347826,,,0.5208823529411764,0.4434782608695652,0.45575997302797144
224,0.5065217391304347,0.5960144927536232,715.9773893875126,0.5130434782608695,5.0,869.7316923831261,647.5164611212144,0.5652173913043478,0.45652173913043476,,,0.4693650793650793,0.3739130434782609,0.39548003411891075
225,0.4717391304347826,0.5289855072463768,1014.2678775439938,0.48695652173913045,2.0,1177.539913309427,756.8198807735668,0.5217391304347826,0.43478260869565216,,,0.4965612648221344,0.5565217391304348,0.46654054586233934
226,0.5576086956521739,0.6141304347826086,951.9590102072794,0.5304347826086957,3.0,1228.9717566186564,650.6356294001836,0.6086956521739131,0.4782608695652174,,,0.4923773448773449,0.608695652173913,0.5173336795642294
227,0.5543478260869565,0.6521739130434783,805.496640733853,0.5304347826086957,4.0,1009.1519225087347,727.0142042909634,0.5652173913043478,0.5,,,0.5094729344729345,0.5913043478260869,0.5370741466535403
228,0.5202898550724637,0.5724637681159419,828.4819882835034,0.5391304347826086,4.0,1009.1519225087347,690.307952240751,0.5652173913043478,0.5,,,0.5313247863247863,0.5391304347826087,0.49536583568899806
229,0.4532608695652174,0.5307971014492754,988.2216117417559,0.508695652173913,3.0,1059.784370758089,931.3921663423035,0.5652173913043478,0.45652173913043476,,,0.5675637651821862,0.49565217391304356,0.4731554420079009
230,0.4032608695652174,0.4601449275362318,843.7741667571918,0.48260869565217385,4.0,1016.1368430144466,746.7934541070236,0.5,0.43478260869565216,,,0.26,0.1826086956521739,0.20076781100036914
231,0.4963768115942028,0.697463768115942,962.4916164990348,0.5086956521739131,3.0,1229.2151471086377,691.508021924669,0.5652173913043478,0.45652173913043476,,,0.522988910403098,0.4608695652173913,0.4010835682828877
232,0.4514492753623188,0.5289855072463768,957.309000201162,0.4956521739130434,2.0,1079.7249747995463,690.1583035113573,0.5434782608695652,0.43478260869565216,,,0.4816418875242404,0.34782608695652173,0.3665479055918103
233,0.4115942028985507,0.5833333333333334,884.3958531935584,0.5,4.0,1405.570573680516,727.5090418049157,0.5434782608695652,0.45652173913043476,,,0.4911965811965812,0.4608695652173913,0.4374138254810524
234,0.5731884057971014,0.6539855072463767,992.9236614578656,0.4782608695652174,3.0,1135.9699997909404,866.59954439025,0.5217391304347826,0.41304347826086957,,,0.4769561157796451,0.3652173913043478,0.38715122997823925
235,0.5684782608695652,0.6394927536231884,958.5286637210423,0.4521739130434783,2.0,1096.1451801366204,683.7576725499109,0.5434782608695652,0.391304347826087,,,0.4485299416111429,0.5826086956521739,0.5062697414395527
236,0.5471014492753623,0.5778985507246377,1042.4636341140647,0.5260869565217392,2.0,1247.4248284625198,806.1280589320169,0.6086956521739131,0.43478260869565216,,,0.5198316930537727,0.6695652173913043,0.551467437341173
237,0.40905797101449276,0.4873188405797101,802.1102498623479,0.47391304347826085,4.0,1118.171034735384,655.8531888915044,0.5,0.43478260869565216,,,0.3670445344129555,0.2782608695652174,0.3074374247306578
238,0.6192028985507246,0.6739130434782609,892.9052919704188,0.48695652173913045,3.0,1288.4896180866817,597.3860764693051,0.5652173913043478,0.43478260869565216,,,0.4373426573426573,0.40869565217391307,0.4014924009531217
239,0.5365942028985506,0.6105072463768115,1114.0732106592293,0.5260869565217391,0.0,1266.00954376101,1008.8662383681012,0.5652173913043478,0.4782608695652174,,,0.5191928350287484,0.4608695652173913,0.46755898755898756
240,0.5528985507246377,0.5978260869565217,929.4707710417163,0.43478260869565216,4.0,1123.2655064140813,729.0776126978877,0.45652173913043476,0.391304347826087,,,0.4301704014939308,0.5130434782608696,0.4597186467494997
241,0.4771739130434782,0.5471014492753623,1062.0517437688045,0.5391304347826086,2.0,1341.0760653997634,818.078412743718,0.5652173913043478,0.5,,,0.5269951474430757,0.7478260869565218,0.6012885154061623
242,0.5858695652173914,0.657608695652174,870.1279471862244,0.4521739130434782,3.0,1213.4146559590083,637.8847481545627,0.5217391304347826,0.391304347826087,,,0.3648834498834499,0.30434782608695654,0.3063520280777846
243,0.5949275362318841,0.6594202898550724,651.1777299338905,0.42608695652173906,5.0,744.4156662941995,579.6544485856424,0.5,0.34782608695652173,,,0.41980921304053853,0.3478260869565218,0.3342647253585469
244,0.5311594202898551,0.5760869565217391,946.6448571296435,0.49565217391304345,3.0,1145.6972975755511,659.5436339870488,0.5217391304347826,0.4782608695652174,,,0.5045475795826427,0.4695652173913043,0.4200485072646007
245,0.4641304347826086,0.5489130434782609,1259.6518576119038,0.5608695652173913,0.0,1418.9154754001918,1158.6558745372722,0.6086956521739131,0.5,,,0.5749231965461554,0.7304347826086957,0.5954232573587414
246,0.511231884057971,0.625,912.7167924020252,0.5565217391304348,4.0,1084.9269570285949,807.1015502758521,0.6304347826086957,0.5,,,0.6687980030721967,0.3652173913043478,0.40819357819357827
247,0.5257246376811594,0.6467391304347826,999.4569745150791,0.508695652173913,2.0,1175.8392544707003,755.8816834438948,0.5652173913043478,0.43478260869565216,,,0.5000523663132359,0.5739130434782609,0.5146893850372111
248,0.5347826086956522,0.6322463768115942,842.7328997446482,0.5260869565217391,4.0,1123.5597894607322,684.0718993980764,0.5869565217391305,0.45652173913043476,,,0.502,0.48695652173913045,0.4582173669678009
249,0.4036231884057971,0.5380434782608696,989.8461054524054,0.4695652173913043,3.0,1289.5238689418047,788.6052252760925,0.5217391304347826,0.43478260869565216,,,0.45897813897813905,0.5565217391304348,0.46961647552102603
250,0.39021739130434774,0.41666666666666663,956.8031110315906,0.5521739130434783,3.0,1199.1134454208016,788.5145697098828,0.5869565217391305,0.5217391304347826,,,0.5974853801169591,0.34782608695652173,0.42745526779182413
251,0.436231884057971,0.4891304347826087,905.2204894764551,0.5130434782608695,4.0,1256.561528520838,751.0545996333476,0.5652173913043478,0.4782608695652174,,,0.5714480286738352,0.3478260869565218,0.3718152218152218
252,0.3826086956521739,0.4420289855072464,962.2934961795794,0.5347826086956522,4.0,1185.6341331355054,779.7828621622856,0.5869565217391305,0.5,,,0.5433333333333333,0.3565217391304348,0.3806020125558697
253,0.43695652173913035,0.5670289855072463,1040.9634302958639,0.49565217391304345,2.0,1314.0081281342932,865.9477878019036,0.5652173913043478,0.43478260869565216,,,0.5079365079365079,0.4434782608695652,0.42801010000320405
254,0.4913043478260869,0.6467391304347826,1029.1615697305695,0.48260869565217385,2.0,1140.7264077568768,927.4144992456219,0.5217391304347826,0.45652173913043476,,,0.46796223100570933,0.40869565217391307,0.3929591401778102
255,0.5800724637681158,0.6195652173913043,939.4425093607306,0.4956521739130434,3.0,1123.6770785530775,827.429596548794,0.5652173913043478,0.43478260869565216,,,0.4616029900332226,0.5391304347826087,0.4724113325098546
256,0.464855072463768,0.5326086956521738,984.9691947968322,0.5608695652173913,3.0,1280.459964977071,720.8365311307299,0.6086956521739131,0.5217391304347826,,,0.5498890595664789,0.4608695652173913,0.4742520081056666
257,0.3902173913043478,0.43297101449275366,1060.9185121721541,0.49565217391304345,2.0,1395.1039228887714,809.8239457360528,0.5217391304347826,0.45652173913043476,,,0.4897974493623406,0.6,0.4928507042989299
258,0.5619565217391305,0.6775362318840579,942.003074173234,0.5217391304347826,3.0,1315.423393451834,651.0239072963543,0.6304347826086957,0.43478260869565216,,,0.5019393939393939,0.43478260869565216,0.4463235294117647
259,0.5826086956521739,0.6485507246376812,1123.9108365896896,0.48695652173913045,1.0,1434.08757966546,842.0772962571493,0.5434782608695652,0.43478260869565216,,,0.47891660096532884,0.5565217391304348,0.5042843745935507
260,0.5304347826086957,0.5688405797101449,999.8755360513845,0.4739130434782609,3.0,1165.6170757106415,864.8374230733365,0.5217391304347826,0.43478260869565216,,,0.413445091493872,0.4,0.38024547803617564
261,0.4514492753623188,0.5235507246376812,853.3397301902135,0.4869565217391304,4.0,1127.7322162717003,631.098862347009,0.5652173913043478,0.391304347826087,,,0.4545454545454546,0.2782608695652174,0.2715686274509804
262,0.6,0.6539855072463768,986.6419584386946,0.4739130434782609,2.0,1091.4232875087177,733.6660412612819,0.5217391304347826,0.391304347826087,,,0.4465845446333251,0.5391304347826087,0.47647655301776454
263,0.5666666666666668,0.6286231884057971,853.5762750290293,0.45652173913043476,4.0,1072.7266300393921,700.9751904794897,0.5,0.3695652173913043,,,0.4209945677687613,0.5043478260869565,0.4413712151527278
264,0.533695652173913,0.6105072463768116,940.0845880946479,0.4826086956521739,3.0,1135.5134623737213,678.8774754454564,0.5869565217391305,0.391304347826087,,,0.46784954233409615,0.5565217391304348,0.5010875582008868
265,0.44855072463768114,0.5253623188405797,1124.6385296937715,0.5608695652173913,1.0,1411.9913856811834,747.2548570417005,0.6521739130434783,0.4782608695652174,,,0.6429692470837752,0.6521739130434783,0.5297303428045841
266,0.4510869565217391,0.5307971014492753,757.4235101661178,0.4869565217391304,5.0,828.760063771893,693.9455347522157,0.5217391304347826,0.43478260869565216,,,0.5103896103896104,0.19130434782608696,0.23901591984756285
267,0.5463768115942028,0.5960144927536233,829.1282633628774,0.5391304347826087,4.0,1277.028703026115,701.5454756379713,0.5869565217391305,0.4782608695652174,,,0.5045635371493494,0.4434782608695652,0.45359181880921007
268,0.5315217391304348,0.605072463768116,862.0274201593156,0.4826086956521739,4.0,1090.0717277219794,660.7030657293041,0.5434782608695652,0.45652173913043476,,,0.44782668573547324,0.5565217391304348,0.47346497691325273
269,0.43731884057971016,0.4909420289855072,972.9193965490631,0.5,3.0,1163.3739994938578,848.9390430317445,0.5652173913043478,0.41304347826086957,,,0.58343669250646,0.6260869565217391,0.51215286993652
270,0.3931159420289855,0.4384057971014493,833.3755597871317,0.49565217391304345,5.0,936.2452571665575,646.0343548366013,0.5652173913043478,0.45652173913043476,,,0.5357936507936507,0.31304347826086953,0.3673446450042194
271,0.4018115942028985,0.4438405797101449,930.1635611317379,0.5217391304347826,4.0,1250.8505369051986,783.1338722746996,0.5869565217391305,0.4782608695652174,,,0.5010077519379844,0.4521739130434782,0.41466768525592046
272,0.42608695652173906,0.45471014492753625,790.3010576558147,0.5304347826086956,5.0,837.1931970734139,771.6124946063882,0.5652173913043478,0.5,,,0.5105911330049261,0.3391304347826087,0.3528969940734647
273,0.4,0.5652173913043479,1130.298096607456,0.5217391304347826,2.0,1364.9115046300963,786.3668798184383,0.5652173913043478,0.4782608695652174,,,0.5055947472177061,0.5565217391304348,0.46492424242424246
274,0.48478260869565226,0.6485507246376812,1097.8625568645255,0.4913043478260869,1.0,1244.5901939369605,971.5069393184648,0.5,0.45652173913043476,,,0.47103980986333926,0.4173913043478262,0.4066462327724881
275,0.5108695652173912,0.5942028985507246,987.2253430854319,0.5260869565217392,2.0,1201.8057097899805,578.8236028538632,0.6086956521739131,0.391304347826087,,,0.5570983070983072,0.41739130434782606,0.4279106051022559
276,0.40108695652173915,0.4565217391304348,1020.1683938222947,0.5260869565217392,2.0,1267.2428659502434,715.4687862514935,0.5652173913043478,0.4782608695652174,,,0.5386335403726707,0.3391304347826086,0.39316857961359236
277,0.4413043478260869,0.519927536231884,986.656306561333,0.4999999999999999,3.0,1359.133591164548,729.3030187772939,0.5434782608695652,0.4782608695652174,,,0.49686147186147184,0.42608695652173906,0.4197707096314226
278,0.5894927536231884,0.6793478260869565,932.8042955823233,0.4826086956521739,4.0,1183.0112819602139,766.4246644663142,0.5652173913043478,0.43478260869565216,,,0.46945554445554444,0.3217391304347826,0.3690374416970162
279,0.514855072463768,0.5742753623188406,1093.609985863485,0.5347826086956522,2.0,1314.4151731463767,831.6667734731908,0.5869565217391305,0.4782608695652174,,,0.521373954599761,0.5652173913043479,0.5283144759606978
280,0.5213768115942028,0.6141304347826086,994.7906673275393,0.4913043478260869,4.0,1241.1943919015787,912.987392281767,0.5434782608695652,0.45652173913043476,,,0.4800188217579522,0.6347826086956523,0.5438595245381475
281,0.4945652173913043,0.5416666666666667,1057.0745756155097,0.5217391304347826,2.0,1352.9175393118267,784.10793358687,0.5869565217391305,0.43478260869565216,,,0.5127807486631015,0.6434782608695653,0.515177410919021
282,0.6123188405797102,0.7101449275362318,886.7413945111828,0.47391304347826085,5.0,997.2085081636085,724.2551638384634,0.5,0.41304347826086957,,,0.4317460317460317,0.14782608695652172,0.19549119845671567
283,0.5576086956521739,0.644927536231884,809.2298412079458,0.4608695652173913,4.0,1050.8509246479875,661.864441923643,0.5217391304347826,0.41304347826086957,,,0.42484206614641395,0.30434782608695654,0.336767711382404
284,0.5481884057971014,0.6195652173913044,1076.0207358666626,0.5521739130434782,1.0,1267.720450571435,849.2687383468802,0.6086956521739131,0.45652173913043476,,,0.5296909349540928,0.7130434782608696,0.5978506375227687
285,0.5434782608695652,0.5978260869565218,1275.3640479329886,0.5521739130434782,1.0,1575.02078203475,838.074708886586,0.6086956521739131,0.4782608695652174,,,0.5437921098578574,0.7999999999999999,0.6142323933995116
286,0.49384057971014494,0.5797101449275364,845.4188577839983,0.5086956521739131,4.0,1009.4173842372612,691.6527417988135,0.5434782608695652,0.4782608695652174,,,0.5064253393665158,0.3391304347826087,0.3745568893308867
287,0.5242753623188406,0.6195652173913043,1027.705585992177,0.5173913043478261,3.0,1389.815035430691,772.6414992463076,0.5869565217391305,0.4782608695652174,,,0.5146385017421603,0.5739130434782609,0.5076765063907486
288,0.5144927536231884,0.588768115942029,807.3028639322449,0.5347826086956522,4.0,1054.6739913833671,720.5767271117309,0.5652173913043478,0.5,,,0.5181520467836258,0.4782608695652174,0.4728984346111179
289,0.4231884057971015,0.45652173913043476,893.6501020510844,0.5043478260869565,4.0,1022.8832764794258,759.4305341885023,0.5217391304347826,0.45652173913043476,,,0.5094505494505495,0.582608695652174,0.4982493799948954
290,0.3818840579710145,0.447463768115942,885.2710315308414,0.5,4.0,1035.6905408219698,743.7945127850676,0.5869565217391305,0.45652173913043476,,,0.47638888888888886,0.32173913043478264,0.35056914012289264
291,0.44565217391304346,0.49275362318840576,906.0824918330507,0.5217391304347826,4.0,1000.7093965621134,798.8942281523207,0.6086956521739131,0.41304347826086957,,,0.491557239057239,0.5565217391304348,0.5082912588706152
292,0.4496376811594203,0.45652173913043476,826.4075255339061,0.5434782608695652,5.0,892.2787274763516,663.2744679365682,0.5652173913043478,0.4782608695652174,,,0.48995199692780333,0.5652173913043479,0.49594127334415905
293,0.32572463768115945,0.4148550724637681,932.3665772160239,0.5043478260869565,3.0,1192.1333875765122,687.4555268851489,0.5434782608695652,0.41304347826086957,,,0.44454780361757107,0.4608695652173914,0.3804175118323191
294,0.37101449275362325,0.4257246376811594,899.3002369032183,0.5608695652173912,3.0,1075.899643916182,692.1196163196034,0.6086956521739131,0.5217391304347826,,,0.5895970695970696,0.33043478260869563,0.4212822012822013
295,0.3778985507246377,0.46739130434782605,999.8612061795699,0.5782608695652174,3.0,1216.6660549118908,843.688056700255,0.6304347826086957,0.5434782608695652,,,0.6354229323308271,0.41739130434782606,0.4513587704285379
296,0.46739130434782605,0.5054347826086956,874.2893408460179,0.5304347826086957,4.0,1044.6996457646712,753.6682450812843,0.6086956521739131,0.4782608695652174,,,0.520887445887446,0.42608695652173917,0.42400474035768154
297,0.4134057971014492,0.4583333333333333,1113.330191458797,0.5130434782608695,0.0,1327.9533125825626,1003.3835527547743,0.5652173913043478,0.4782608695652174,,,0.5124317203264571,0.6608695652173913,0.5646306855164155
298,0.5612318840579709,0.625,984.215751969122,0.4869565217391304,4.0,1243.9824335975982,888.3700086538249,0.5869565217391305,0.43478260869565216,,,0.47260920239181103,0.391304347826087,0.4215092155303461
299,0.5594202898550724,0.625,940.6757070987271,0.5217391304347826,3.0,1123.16667084742,785.6519918924273,0.6521739130434783,0.391304347826087,,,0.5132207792207792,0.5826086956521739,0.5393618975431866
300,0.5090579710144927,0.5778985507246377,1122.57750160773,0.5608695652173913,0.0,1277.8562067976427,1014.1738283165798,0.6086956521739131,0.5,,,0.5548419680677744,0.6608695652173913,0.5750377055461802
301,0.45942028985507244,0.5126811594202899,892.531936179196,0.48695652173913045,3.0,1197.3315877510786,685.8500443859895,0.5217391304347826,0.45652173913043476,,,0.4615633074935401,0.4608695652173913,0.40744439382979936
302,0.5887681159420289,0.6992753623188406,957.2126195536251,0.48695652173913045,2.0,1085.5553675452122,718.9195371925682,0.5869565217391305,0.391304347826087,,,0.44545787545787546,0.35652173913043483,0.3684901380251576
303,0.5547101449275362,0.5869565217391305,923.9085665637662,0.49565217391304345,4.0,1114.2303870664534,834.200300850023,0.5217391304347826,0.43478260869565216,,,0.48086520649449715,0.6521739130434783,0.5407278529509866
304,0.5539855072463769,0.6014492753623188,910.7355624560029,0.5217391304347826,3.0,1074.9101648276103,758.6302287117031,0.5652173913043478,0.45652173913043476,,,0.49300511508951406,0.5739130434782609,0.5216353527009422
305,0.4528985507246377,0.5452898550724637,1096.7299996946804,0.49565217391304345,2.0,1422.6775861222957,905.7306281210954,0.5217391304347826,0.45652173913043476,,,0.4877777777777778,0.6608695652173913,0.5095868415416718
306,0.518840579710145,0.6485507246376812,859.2100522171897,0.5086956521739131,4.0,1044.7105637076738,756.8702098657551,0.6086956521739131,0.43478260869565216,,,0.4872053872053872,0.408695652173913,0.42793990929705217
307,0.5311594202898551,0.6213768115942029,918.3112134584939,0.508695652173913,4.0,1093.303502273403,735.2372215890292,0.5652173913043478,0.45652173913043476,,,0.480037498870516,0.34782608695652173,0.3750316288581027
308,0.5105072463768116,0.6539855072463768,841.2839277541004,0.5478260869565217,4.0,1052.3699450866095,749.0798401270147,0.5652173913043478,0.5217391304347826,,,0.5303797080112869,0.5217391304347826,0.5100485883043027
309,0.4905797101449275,0.7427536231884058,1054.6549212140712,0.5130434782608695,3.0,1398.7516505639746,757.8006579105368,0.5652173913043478,0.4782608695652174,,,0.5057040998217469,0.43478260869565216,0.4509235209235209
310,0.5326086956521741,0.6485507246376813,1117.21992173418,0.508695652173913,2.0,1445.0752390205041,834.2520137972323,0.5652173913043478,0.43478260869565216,,,0.4845299145299145,0.5391304347826087,0.49762174030347384
311,0.44782608695652176,0.48007246376811596,1016.4097921565202,0.49565217391304345,3.0,1193.7022565585307,864.5215024263206,0.5652173913043478,0.3695652173913043,,,0.4931623931623932,0.41739130434782606,0.4199694276563403
312,0.5003623188405797,0.6322463768115942,928.8924549649897,0.4913043478260869,4.0,1132.8143934023392,746.7934541070236,0.5217391304347826,0.43478260869565216,,,0.39624183006535946,0.24347826086956523,0.2886170212765957
313,0.4355072463768116,0.6123188405797102,1205.7648595311507,0.5652173913043479,1.0,1409.7000181518417,959.9867038855085,0.5869565217391305,0.5434782608695652,,,0.5862621752722184,0.7130434782608696,0.5842324561403508
314,0.5235507246376812,0.608695652173913,915.4998616921017,0.5130434782608695,4.0,1057.9778782650142,773.5894675789378,0.5652173913043478,0.45652173913043476,,,0.5197324414715719,0.4173913043478262,0.4275639454321082
315,0.5340579710144928,0.6811594202898551,928.99960467931,0.4913043478260869,3.0,1262.3059914543207,706.3785809314368,0.5217391304347826,0.45652173913043476,,,0.43965517241379304,0.4434782608695652,0.3968940119235155
316,0.5905797101449275,0.6956521739130433,772.4578627298312,0.4521739130434783,4.0,1072.724306450156,585.3276886986596,0.5217391304347826,0.34782608695652173,,,0.3135243841126194,0.14782608695652172,0.19564176245210727
317,0.4492753623188405,0.5452898550724637,908.5899828854187,0.5217391304347826,4.0,1131.7350914305546,805.5487928961161,0.5434782608695652,0.4782608695652174,,,0.5101149425287357,0.41739130434782606,0.39713629786225074
318,0.596376811594203,0.7192028985507246,991.3257262036872,0.508695652173913,3.0,1302.2211431686328,792.818713909194,0.5652173913043478,0.45652173913043476,,,0.4906204906204906,0.4608695652173913,0.42987176038023495
319,0.6239130434782608,0.6938405797101449,755.1035705007314,0.4304347826086957,4.0,1022.277392582279,589.8214689149755,0.5,0.3695652173913043,,,0.3895466245350713,0.49565217391304345,0.4193365102639296
320,0.5478260869565218,0.6231884057971014,895.1598490069624,0.47391304347826085,4.0,1099.9647486227418,722.8670566123116,0.5217391304347826,0.41304347826086957,,,0.4608333333333333,0.4521739130434783,0.4018198526619579
321,0.4619565217391305,0.6213768115942029,853.7793094251025,0.5260869565217392,4.0,1101.3052001300475,716.4411476601613,0.6086956521739131,0.4782608695652174,,,0.5411361737677527,0.4,0.39571015100426865
322,0.536231884057971,0.5833333333333333,750.0546647432075,0.4782608695652174,5.0,819.9946699875792,681.6659147998914,0.5217391304347826,0.45652173913043476,,,0.3952380952380952,0.2608695652173913,0.2908619883087968
