date,CPI
2018-01-12,2.1
2018-01-13,2.1
2018-01-14,2.1
2018-01-15,2.1
2018-01-16,2.1
2018-01-17,2.1
2018-01-18,2.1
2018-01-19,2.1
2018-01-20,2.1
2018-01-21,2.1
2018-01-22,2.1
2018-01-23,2.1
2018-01-24,2.1
2018-01-25,2.1
2018-01-26,2.1
2018-01-27,2.1
2018-01-28,2.1
2018-01-29,2.1
2018-01-30,2.1
2018-01-31,2.1
2018-02-01,2.1
2018-02-02,2.1
2018-02-03,2.1
2018-02-04,2.1
2018-02-05,2.1
2018-02-06,2.1
2018-02-07,2.1
2018-02-08,2.1
2018-02-09,2.1
2018-02-10,2.1
2018-02-11,2.1
2018-02-12,2.1
2018-02-13,2.1
2018-02-14,2.1
2018-02-15,2.1037037037037036
2018-02-16,2.1074074074074076
2018-02-17,2.111111111111111
2018-02-18,2.1148148148148147
2018-02-19,2.1185185185185187
2018-02-20,2.1222222222222222
2018-02-21,2.125925925925926
2018-02-22,2.1296296296296298
2018-02-23,2.1333333333333333
2018-02-24,2.1370370370370373
2018-02-25,2.140740740740741
2018-02-26,2.1444444444444444
2018-02-27,2.1481481481481484
2018-02-28,2.151851851851852
2018-03-01,2.155555555555556
2018-03-02,2.1592592592592594
2018-03-03,2.162962962962963
2018-03-04,2.166666666666667
2018-03-05,2.1703703703703705
2018-03-06,2.174074074074074
2018-03-07,2.177777777777778
2018-03-08,2.1814814814814816
2018-03-09,2.185185185185185
2018-03-10,2.188888888888889
2018-03-11,2.1925925925925926
2018-03-12,2.1962962962962966
2018-03-13,2.2
2018-03-14,2.206896551724138
2018-03-15,2.213793103448276
2018-03-16,2.220689655172414
2018-03-17,2.227586206896552
2018-03-18,2.2344827586206897
2018-03-19,2.241379310344828
2018-03-20,2.2482758620689656
2018-03-21,2.2551724137931037
2018-03-22,2.2620689655172415
2018-03-23,2.268965517241379
2018-03-24,2.2758620689655173
2018-03-25,2.282758620689655
2018-03-26,2.2896551724137932
2018-03-27,2.296551724137931
2018-03-28,2.303448275862069
2018-03-29,2.310344827586207
2018-03-30,2.317241379310345
2018-03-31,2.3241379310344827
2018-04-01,2.331034482758621
2018-04-02,2.3379310344827586
2018-04-03,2.3448275862068964
2018-04-04,2.3517241379310345
2018-04-05,2.3586206896551722
2018-04-06,2.3655172413793104
2018-04-07,2.372413793103448
2018-04-08,2.3793103448275863
2018-04-09,2.386206896551724
2018-04-10,2.393103448275862
2018-04-11,2.4
2018-04-12,2.4034482758620688
2018-04-13,2.4068965517241376
2018-04-14,2.410344827586207
2018-04-15,2.413793103448276
2018-04-16,2.4172413793103447
2018-04-17,2.4206896551724135
2018-04-18,2.424137931034483
2018-04-19,2.4275862068965517
2018-04-20,2.4310344827586206
2018-04-21,2.4344827586206894
2018-04-22,2.4379310344827587
2018-04-23,2.4413793103448276
2018-04-24,2.4448275862068964
2018-04-25,2.4482758620689653
2018-04-26,2.4517241379310346
2018-04-27,2.4551724137931035
2018-04-28,2.4586206896551723
2018-04-29,2.462068965517241
2018-04-30,2.4655172413793105
2018-05-01,2.4689655172413794
2018-05-02,2.472413793103448
2018-05-03,2.475862068965517
2018-05-04,2.4793103448275864
2018-05-05,2.4827586206896552
2018-05-06,2.486206896551724
2018-05-07,2.489655172413793
2018-05-08,2.4931034482758623
2018-05-09,2.496551724137931
2018-05-10,2.5
2018-05-11,2.5090909090909093
2018-05-12,2.518181818181818
2018-05-13,2.5272727272727273
2018-05-14,2.536363636363636
2018-05-15,2.5454545454545454
2018-05-16,2.5545454545454547
2018-05-17,2.5636363636363635
2018-05-18,2.5727272727272728
2018-05-19,2.5818181818181816
2018-05-20,2.590909090909091
2018-05-21,2.6
2018-05-22,2.609090909090909
2018-05-23,2.618181818181818
2018-05-24,2.627272727272727
2018-05-25,2.6363636363636362
2018-05-26,2.6454545454545455
2018-05-27,2.6545454545454543
2018-05-28,2.6636363636363636
2018-05-29,2.672727272727273
2018-05-30,2.6818181818181817
2018-05-31,2.690909090909091
2018-06-01,2.6999999999999997
2018-06-02,2.709090909090909
2018-06-03,2.718181818181818
2018-06-04,2.727272727272727
2018-06-05,2.7363636363636363
2018-06-06,2.745454545454545
2018-06-07,2.7545454545454544
2018-06-08,2.7636363636363637
2018-06-09,2.7727272727272725
2018-06-10,2.7818181818181817
2018-06-11,2.7909090909090906
2018-06-12,2.8
2018-06-13,2.8033333333333332
2018-06-14,2.8066666666666666
2018-06-15,2.8099999999999996
2018-06-16,2.813333333333333
2018-06-17,2.8166666666666664
2018-06-18,2.82
2018-06-19,2.8233333333333333
2018-06-20,2.8266666666666667
2018-06-21,2.83
2018-06-22,2.833333333333333
2018-06-23,2.8366666666666664
2018-06-24,2.84
2018-06-25,2.8433333333333333
2018-06-26,2.8466666666666667
2018-06-27,2.8499999999999996
2018-06-28,2.853333333333333
2018-06-29,2.8566666666666665
2018-06-30,2.86
2018-07-01,2.8633333333333333
2018-07-02,2.8666666666666667
2018-07-03,2.87
2018-07-04,2.873333333333333
2018-07-05,2.8766666666666665
2018-07-06,2.88
2018-07-07,2.8833333333333333
2018-07-08,2.8866666666666667
2018-07-09,2.8899999999999997
2018-07-10,2.893333333333333
2018-07-11,2.8966666666666665
2018-07-12,2.9
2018-07-13,2.9
2018-07-14,2.9
2018-07-15,2.9
2018-07-16,2.9
2018-07-17,2.9
2018-07-18,2.9
2018-07-19,2.9
2018-07-20,2.9
2018-07-21,2.9
2018-07-22,2.9
2018-07-23,2.9
2018-07-24,2.9
2018-07-25,2.9
2018-07-26,2.9
2018-07-27,2.9
2018-07-28,2.9
2018-07-29,2.9
2018-07-30,2.9
2018-07-31,2.9
2018-08-01,2.9
2018-08-02,2.9
2018-08-03,2.9
2018-08-04,2.9
2018-08-05,2.9
2018-08-06,2.9
2018-08-07,2.9
2018-08-08,2.9
2018-08-09,2.9
2018-08-10,2.9
2018-08-11,2.8941176470588235
2018-08-12,2.888235294117647
2018-08-13,2.8823529411764706
2018-08-14,2.876470588235294
2018-08-15,2.8705882352941177
2018-08-16,2.864705882352941
2018-08-17,2.8588235294117648
2018-08-18,2.8529411764705883
2018-08-19,2.847058823529412
2018-08-20,2.8411764705882354
2018-08-21,2.835294117647059
2018-08-22,2.8294117647058825
2018-08-23,2.823529411764706
2018-08-24,2.8176470588235296
2018-08-25,2.811764705882353
2018-08-26,2.8058823529411767
2018-08-27,2.8
2018-08-28,2.7941176470588234
2018-08-29,2.788235294117647
2018-08-30,2.7823529411764705
2018-08-31,2.776470588235294
2018-09-01,2.7705882352941176
2018-09-02,2.764705882352941
2018-09-03,2.7588235294117647
2018-09-04,2.7529411764705882
2018-09-05,2.7470588235294118
2018-09-06,2.7411764705882353
2018-09-07,2.735294117647059
2018-09-08,2.7294117647058824
2018-09-09,2.723529411764706
2018-09-10,2.7176470588235295
2018-09-11,2.711764705882353
2018-09-12,2.7058823529411766
2018-09-13,2.7
2018-09-14,2.685714285714286
2018-09-15,2.6714285714285717
2018-09-16,2.6571428571428575
2018-09-17,2.642857142857143
2018-09-18,2.6285714285714286
2018-09-19,2.6142857142857143
2018-09-20,2.6
2018-09-21,2.585714285714286
2018-09-22,2.5714285714285716
2018-09-23,2.5571428571428574
2018-09-24,2.5428571428571427
2018-09-25,2.5285714285714285
2018-09-26,2.5142857142857142
2018-09-27,2.5
2018-09-28,2.4857142857142858
2018-09-29,2.4714285714285715
2018-09-30,2.4571428571428573
2018-10-01,2.4428571428571426
2018-10-02,2.4285714285714284
2018-10-03,2.414285714285714
2018-10-04,2.4
2018-10-05,2.3857142857142857
2018-10-06,2.3714285714285714
2018-10-07,2.3571428571428568
2018-10-08,2.3428571428571425
2018-10-09,2.3285714285714283
2018-10-10,2.314285714285714
2018-10-11,2.3
2018-10-12,2.3058823529411763
2018-10-13,2.3117647058823527
2018-10-14,2.317647058823529
2018-10-15,2.3235294117647056
2018-10-16,2.329411764705882
2018-10-17,2.3352941176470585
2018-10-18,2.341176470588235
2018-10-19,2.3470588235294114
2018-10-20,2.3529411764705883
2018-10-21,2.3588235294117648
2018-10-22,2.364705882352941
2018-10-23,2.3705882352941177
2018-10-24,2.376470588235294
2018-10-25,2.3823529411764706
2018-10-26,2.388235294117647
2018-10-27,2.3941176470588235
2018-10-28,2.4
2018-10-29,2.4058823529411764
2018-10-30,2.411764705882353
2018-10-31,2.4176470588235293
2018-11-01,2.4235294117647057
2018-11-02,2.429411764705882
2018-11-03,2.4352941176470586
2018-11-04,2.441176470588235
2018-11-05,2.4470588235294115
2018-11-06,2.4529411764705884
2018-11-07,2.458823529411765
2018-11-08,2.4647058823529413
2018-11-09,2.4705882352941178
2018-11-10,2.476470588235294
2018-11-11,2.4823529411764707
2018-11-12,2.488235294117647
2018-11-13,2.4941176470588236
2018-11-14,2.5
2018-11-15,2.4892857142857143
2018-11-16,2.4785714285714286
2018-11-17,2.467857142857143
2018-11-18,2.4571428571428573
2018-11-19,2.4464285714285716
2018-11-20,2.435714285714286
2018-11-21,2.425
2018-11-22,2.414285714285714
2018-11-23,2.4035714285714285
2018-11-24,2.392857142857143
2018-11-25,2.382142857142857
2018-11-26,2.3714285714285714
2018-11-27,2.3607142857142858
2018-11-28,2.35
2018-11-29,2.3392857142857144
2018-11-30,2.3285714285714287
2018-12-01,2.317857142857143
2018-12-02,2.3071428571428574
2018-12-03,2.2964285714285717
2018-12-04,2.285714285714286
2018-12-05,2.2750000000000004
2018-12-06,2.2642857142857142
2018-12-07,2.2535714285714286
2018-12-08,2.242857142857143
2018-12-09,2.232142857142857
2018-12-10,2.2214285714285715
2018-12-11,2.210714285714286
2018-12-12,2.2
2018-12-13,2.1900000000000004
2018-12-14,2.18
2018-12-15,2.17
2018-12-16,2.16
2018-12-17,2.1500000000000004
2018-12-18,2.14
2018-12-19,2.13
2018-12-20,2.12
2018-12-21,2.1100000000000003
2018-12-22,2.1
2018-12-23,2.09
2018-12-24,2.08
2018-12-25,2.0700000000000003
2018-12-26,2.06
2018-12-27,2.05
2018-12-28,2.04
2018-12-29,2.0300000000000002
2018-12-30,2.02
2018-12-31,2.01
2019-01-01,2.0
2019-01-02,1.99
2019-01-03,1.98
2019-01-04,1.97
2019-01-05,1.96
2019-01-06,1.95
2019-01-07,1.94
2019-01-08,1.93
2019-01-09,1.92
2019-01-10,1.91
2019-01-11,1.9
2019-01-12,1.8909090909090909
2019-01-13,1.8818181818181818
2019-01-14,1.8727272727272726
2019-01-15,1.8636363636363635
2019-01-16,1.8545454545454545
2019-01-17,1.8454545454545455
2019-01-18,1.8363636363636364
2019-01-19,1.8272727272727272
2019-01-20,1.8181818181818181
2019-01-21,1.809090909090909
2019-01-22,1.8
2019-01-23,1.790909090909091
2019-01-24,1.7818181818181817
2019-01-25,1.7727272727272727
2019-01-26,1.7636363636363637
2019-01-27,1.7545454545454546
2019-01-28,1.7454545454545454
2019-01-29,1.7363636363636363
2019-01-30,1.7272727272727273
2019-01-31,1.7181818181818183
2019-02-01,1.7090909090909092
2019-02-02,1.7
2019-02-03,1.690909090909091
2019-02-04,1.6818181818181819
2019-02-05,1.6727272727272728
2019-02-06,1.6636363636363636
2019-02-07,1.6545454545454545
2019-02-08,1.6454545454545455
2019-02-09,1.6363636363636365
2019-02-10,1.6272727272727274
2019-02-11,1.6181818181818182
2019-02-12,1.6090909090909091
2019-02-13,1.6
2019-02-14,1.5962962962962963
2019-02-15,1.5925925925925928
2019-02-16,1.588888888888889
2019-02-17,1.5851851851851853
2019-02-18,1.5814814814814815
2019-02-19,1.577777777777778
2019-02-20,1.5740740740740742
2019-02-21,1.5703703703703704
2019-02-22,1.5666666666666667
2019-02-23,1.562962962962963
2019-02-24,1.5592592592592593
2019-02-25,1.5555555555555556
2019-02-26,1.5518518518518518
2019-02-27,1.5481481481481483
2019-02-28,1.5444444444444445
2019-03-01,1.5407407407407407
2019-03-02,1.537037037037037
2019-03-03,1.5333333333333334
2019-03-04,1.5296296296296297
2019-03-05,1.525925925925926
2019-03-06,1.5222222222222221
2019-03-07,1.5185185185185186
2019-03-08,1.5148148148148148
2019-03-09,1.511111111111111
2019-03-10,1.5074074074074075
2019-03-11,1.5037037037037038
2019-03-12,1.5
2019-03-13,1.513793103448276
2019-03-14,1.5275862068965518
2019-03-15,1.5413793103448277
2019-03-16,1.5551724137931033
2019-03-17,1.5689655172413792
2019-03-18,1.5827586206896551
2019-03-19,1.596551724137931
2019-03-20,1.610344827586207
2019-03-21,1.6241379310344828
2019-03-22,1.6379310344827587
2019-03-23,1.6517241379310343
2019-03-24,1.6655172413793102
2019-03-25,1.6793103448275861
2019-03-26,1.693103448275862
2019-03-27,1.706896551724138
2019-03-28,1.7206896551724138
2019-03-29,1.7344827586206897
2019-03-30,1.7482758620689656
2019-03-31,1.7620689655172412
2019-04-01,1.7758620689655171
2019-04-02,1.789655172413793
2019-04-03,1.803448275862069
2019-04-04,1.8172413793103448
2019-04-05,1.8310344827586205
2019-04-06,1.8448275862068964
2019-04-07,1.8586206896551722
2019-04-08,1.8724137931034481
2019-04-09,1.886206896551724
2019-04-10,1.9
2019-04-11,1.9033333333333333
2019-04-12,1.9066666666666665
2019-04-13,1.91
2019-04-14,1.9133333333333333
2019-04-15,1.9166666666666665
2019-04-16,1.92
2019-04-17,1.9233333333333333
2019-04-18,1.9266666666666665
2019-04-19,1.93
2019-04-20,1.9333333333333333
2019-04-21,1.9366666666666665
2019-04-22,1.94
2019-04-23,1.9433333333333334
2019-04-24,1.9466666666666665
2019-04-25,1.95
2019-04-26,1.9533333333333334
2019-04-27,1.9566666666666666
2019-04-28,1.96
2019-04-29,1.9633333333333334
2019-04-30,1.9666666666666666
2019-05-01,1.97
2019-05-02,1.9733333333333334
2019-05-03,1.9766666666666666
2019-05-04,1.98
2019-05-05,1.9833333333333334
2019-05-06,1.9866666666666666
2019-05-07,1.99
2019-05-08,1.9933333333333334
2019-05-09,1.9966666666666666
2019-05-10,2.0
2019-05-11,1.993939393939394
2019-05-12,1.9878787878787878
2019-05-13,1.981818181818182
2019-05-14,1.9757575757575758
2019-05-15,1.9696969696969697
2019-05-16,1.9636363636363636
2019-05-17,1.9575757575757575
2019-05-18,1.9515151515151514
2019-05-19,1.9454545454545455
2019-05-20,1.9393939393939394
2019-05-21,1.9333333333333333
2019-05-22,1.9272727272727272
2019-05-23,1.9212121212121211
2019-05-24,1.9151515151515153
2019-05-25,1.9090909090909092
2019-05-26,1.903030303030303
2019-05-27,1.896969696969697
2019-05-28,1.8909090909090909
2019-05-29,1.8848484848484848
2019-05-30,1.878787878787879
2019-05-31,1.8727272727272728
2019-06-01,1.8666666666666667
2019-06-02,1.8606060606060606
2019-06-03,1.8545454545454545
2019-06-04,1.8484848484848486
2019-06-05,1.8424242424242425
2019-06-06,1.8363636363636364
2019-06-07,1.8303030303030303
2019-06-08,1.8242424242424242
2019-06-09,1.8181818181818183
2019-06-10,1.8121212121212122
2019-06-11,1.8060606060606061
2019-06-12,1.8
2019-06-13,1.793103448275862
2019-06-14,1.7862068965517242
2019-06-15,1.7793103448275862
2019-06-16,1.7724137931034483
2019-06-17,1.7655172413793103
2019-06-18,1.7586206896551724
2019-06-19,1.7517241379310344
2019-06-20,1.7448275862068967
2019-06-21,1.7379310344827588
2019-06-22,1.7310344827586208
2019-06-23,1.7241379310344829
2019-06-24,1.717241379310345
2019-06-25,1.710344827586207
2019-06-26,1.703448275862069
2019-06-27,1.696551724137931
2019-06-28,1.6896551724137931
2019-06-29,1.6827586206896552
2019-06-30,1.6758620689655173
2019-07-01,1.6689655172413793
2019-07-02,1.6620689655172414
2019-07-03,1.6551724137931036
2019-07-04,1.6482758620689655
2019-07-05,1.6413793103448278
2019-07-06,1.6344827586206898
2019-07-07,1.6275862068965519
2019-07-08,1.620689655172414
2019-07-09,1.613793103448276
2019-07-10,1.606896551724138
2019-07-11,1.6
2019-07-12,1.6060606060606062
2019-07-13,1.6121212121212123
2019-07-14,1.6181818181818182
2019-07-15,1.6242424242424243
2019-07-16,1.6303030303030304
2019-07-17,1.6363636363636365
2019-07-18,1.6424242424242426
2019-07-19,1.6484848484848487
2019-07-20,1.6545454545454545
2019-07-21,1.6606060606060606
2019-07-22,1.6666666666666667
2019-07-23,1.6727272727272728
2019-07-24,1.678787878787879
2019-07-25,1.6848484848484848
2019-07-26,1.690909090909091
2019-07-27,1.696969696969697
2019-07-28,1.7030303030303031
2019-07-29,1.7090909090909092
2019-07-30,1.7151515151515153
2019-07-31,1.7212121212121212
2019-08-01,1.7272727272727273
2019-08-02,1.7333333333333334
2019-08-03,1.7393939393939395
2019-08-04,1.7454545454545456
2019-08-05,1.7515151515151515
2019-08-06,1.7575757575757576
2019-08-07,1.7636363636363637
2019-08-08,1.7696969696969698
2019-08-09,1.7757575757575759
2019-08-10,1.7818181818181817
2019-08-11,1.7878787878787878
2019-08-12,1.793939393939394
2019-08-13,1.8
2019-08-14,1.7966666666666666
2019-08-15,1.7933333333333334
2019-08-16,1.79
2019-08-17,1.7866666666666666
2019-08-18,1.7833333333333334
2019-08-19,1.78
2019-08-20,1.7766666666666666
2019-08-21,1.7733333333333334
2019-08-22,1.77
2019-08-23,1.7666666666666666
2019-08-24,1.7633333333333334
2019-08-25,1.76
2019-08-26,1.7566666666666666
2019-08-27,1.7533333333333334
2019-08-28,1.75
2019-08-29,1.7466666666666666
2019-08-30,1.7433333333333334
2019-08-31,1.74
2019-09-01,1.7366666666666666
2019-09-02,1.7333333333333334
2019-09-03,1.73
2019-09-04,1.7266666666666666
2019-09-05,1.7233333333333334
2019-09-06,1.72
2019-09-07,1.7166666666666666
2019-09-08,1.7133333333333334
2019-09-09,1.71
2019-09-10,1.7066666666666666
2019-09-11,1.7033333333333334
2019-09-12,1.7
2019-09-13,1.7
2019-09-14,1.7
2019-09-15,1.7
2019-09-16,1.7
2019-09-17,1.7
2019-09-18,1.7
2019-09-19,1.7
2019-09-20,1.7
2019-09-21,1.7
2019-09-22,1.7
2019-09-23,1.7
2019-09-24,1.7
2019-09-25,1.7
2019-09-26,1.7
2019-09-27,1.7
2019-09-28,1.7
2019-09-29,1.7
2019-09-30,1.7
2019-10-01,1.7
2019-10-02,1.7
2019-10-03,1.7
2019-10-04,1.7
2019-10-05,1.7
2019-10-06,1.7
2019-10-07,1.7
2019-10-08,1.7
2019-10-09,1.7
2019-10-10,1.7
2019-10-11,1.7029411764705882
2019-10-12,1.7058823529411764
2019-10-13,1.7088235294117646
2019-10-14,1.7117647058823529
2019-10-15,1.714705882352941
2019-10-16,1.7176470588235293
2019-10-17,1.7205882352941175
2019-10-18,1.7235294117647058
2019-10-19,1.7264705882352942
2019-10-20,1.7294117647058824
2019-10-21,1.7323529411764707
2019-10-22,1.7352941176470589
2019-10-23,1.738235294117647
2019-10-24,1.7411764705882353
2019-10-25,1.7441176470588236
2019-10-26,1.7470588235294118
2019-10-27,1.75
2019-10-28,1.7529411764705882
2019-10-29,1.7558823529411764
2019-10-30,1.7588235294117647
2019-10-31,1.761764705882353
2019-11-01,1.7647058823529411
2019-11-02,1.7676470588235293
2019-11-03,1.7705882352941176
2019-11-04,1.7735294117647058
2019-11-05,1.776470588235294
2019-11-06,1.7794117647058825
2019-11-07,1.7823529411764707
2019-11-08,1.785294117647059
2019-11-09,1.7882352941176471
2019-11-10,1.7911764705882354
2019-11-11,1.7941176470588236
2019-11-12,1.7970588235294118
2019-11-13,1.8
2019-11-14,1.8107142857142857
2019-11-15,1.8214285714285714
2019-11-16,1.8321428571428573
2019-11-17,1.842857142857143
2019-11-18,1.8535714285714286
2019-11-19,1.8642857142857143
2019-11-20,1.875
2019-11-21,1.8857142857142857
2019-11-22,1.8964285714285716
2019-11-23,1.9071428571428573
2019-11-24,1.917857142857143
2019-11-25,1.9285714285714286
2019-11-26,1.9392857142857143
2019-11-27,1.9500000000000002
2019-11-28,1.9607142857142859
2019-11-29,1.9714285714285715
2019-11-30,1.9821428571428572
2019-12-01,1.9928571428571429
2019-12-02,2.0035714285714286
2019-12-03,2.0142857142857142
2019-12-04,2.025
2019-12-05,2.0357142857142856
2019-12-06,2.0464285714285717
2019-12-07,2.0571428571428574
2019-12-08,2.067857142857143
2019-12-09,2.0785714285714287
2019-12-10,2.0892857142857144
2019-12-11,2.1
2019-12-12,2.1058823529411765
2019-12-13,2.111764705882353
2019-12-14,2.1176470588235294
2019-12-15,2.123529411764706
2019-12-16,2.1294117647058823
2019-12-17,2.135294117647059
2019-12-18,2.1411764705882352
2019-12-19,2.1470588235294117
2019-12-20,2.152941176470588
2019-12-21,2.1588235294117646
2019-12-22,2.164705882352941
2019-12-23,2.1705882352941175
2019-12-24,2.176470588235294
2019-12-25,2.1823529411764704
2019-12-26,2.188235294117647
2019-12-27,2.1941176470588233
2019-12-28,2.2
2019-12-29,2.2058823529411766
2019-12-30,2.211764705882353
2019-12-31,2.2176470588235295
2020-01-01,2.223529411764706
2020-01-02,2.2294117647058824
2020-01-03,2.235294117647059
2020-01-04,2.2411764705882353
2020-01-05,2.2470588235294118
2020-01-06,2.2529411764705882
2020-01-07,2.2588235294117647
2020-01-08,2.264705882352941
2020-01-09,2.2705882352941176
2020-01-10,2.276470588235294
2020-01-11,2.2823529411764705
2020-01-12,2.288235294117647
2020-01-13,2.2941176470588234
2020-01-14,2.3
2020-01-15,2.3066666666666666
2020-01-16,2.313333333333333
2020-01-17,2.32
2020-01-18,2.3266666666666667
2020-01-19,2.333333333333333
2020-01-20,2.34
2020-01-21,2.3466666666666667
2020-01-22,2.353333333333333
2020-01-23,2.36
2020-01-24,2.3666666666666667
2020-01-25,2.373333333333333
2020-01-26,2.38
2020-01-27,2.3866666666666667
2020-01-28,2.393333333333333
2020-01-29,2.4
2020-01-30,2.4066666666666667
2020-01-31,2.413333333333333
2020-02-01,2.42
2020-02-02,2.4266666666666667
2020-02-03,2.433333333333333
2020-02-04,2.44
2020-02-05,2.4466666666666668
2020-02-06,2.453333333333333
2020-02-07,2.46
2020-02-08,2.466666666666667
2020-02-09,2.473333333333333
2020-02-10,2.48
2020-02-11,2.486666666666667
2020-02-12,2.493333333333333
2020-02-13,2.5
2020-02-14,2.4925925925925925
2020-02-15,2.4851851851851854
2020-02-16,2.477777777777778
2020-02-17,2.4703703703703703
2020-02-18,2.462962962962963
2020-02-19,2.4555555555555557
2020-02-20,2.448148148148148
2020-02-21,2.4407407407407407
2020-02-22,2.433333333333333
2020-02-23,2.425925925925926
2020-02-24,2.4185185185185185
2020-02-25,2.411111111111111
2020-02-26,2.4037037037037035
2020-02-27,2.3962962962962964
2020-02-28,2.388888888888889
2020-02-29,2.3814814814814813
2020-03-01,2.374074074074074
2020-03-02,2.3666666666666667
2020-03-03,2.359259259259259
2020-03-04,2.3518518518518516
2020-03-05,2.344444444444444
2020-03-06,2.337037037037037
2020-03-07,2.3296296296296295
2020-03-08,2.322222222222222
2020-03-09,2.314814814814815
2020-03-10,2.3074074074074074
2020-03-11,2.3
2020-03-12,2.273333333333333
2020-03-13,2.2466666666666666
2020-03-14,2.2199999999999998
2020-03-15,2.1933333333333334
2020-03-16,2.1666666666666665
2020-03-17,2.1399999999999997
2020-03-18,2.1133333333333333
2020-03-19,2.0866666666666664
2020-03-20,2.06
2020-03-21,2.033333333333333
2020-03-22,2.0066666666666664
2020-03-23,1.98
2020-03-24,1.9533333333333331
2020-03-25,1.9266666666666665
2020-03-26,1.9
2020-03-27,1.8733333333333333
2020-03-28,1.8466666666666667
2020-03-29,1.8199999999999998
2020-03-30,1.7933333333333332
2020-03-31,1.7666666666666666
2020-04-01,1.7399999999999998
2020-04-02,1.7133333333333334
2020-04-03,1.6866666666666665
2020-04-04,1.66
2020-04-05,1.6333333333333333
2020-04-06,1.6066666666666665
2020-04-07,1.58
2020-04-08,1.5533333333333332
2020-04-09,1.5266666666666666
2020-04-10,1.5
2020-04-11,1.4625
2020-04-12,1.425
2020-04-13,1.3875
2020-04-14,1.35
2020-04-15,1.3125
2020-04-16,1.275
2020-04-17,1.2375
2020-04-18,1.2
2020-04-19,1.1625
2020-04-20,1.125
2020-04-21,1.0875
2020-04-22,1.05
2020-04-23,1.0125
2020-04-24,0.975
2020-04-25,0.9375
2020-04-26,0.9
2020-04-27,0.8625
2020-04-28,0.8250000000000001
2020-04-29,0.7875
2020-04-30,0.75
2020-05-01,0.7125
2020-05-02,0.675
2020-05-03,0.6375000000000001
2020-05-04,0.6000000000000001
2020-05-05,0.5625
2020-05-06,0.525
2020-05-07,0.48750000000000004
2020-05-08,0.44999999999999996
2020-05-09,0.4125000000000001
2020-05-10,0.375
2020-05-11,0.33750000000000013
2020-05-12,0.3
2020-05-13,0.29310344827586204
2020-05-14,0.28620689655172415
2020-05-15,0.2793103448275862
2020-05-16,0.27241379310344827
2020-05-17,0.2655172413793103
2020-05-18,0.25862068965517243
2020-05-19,0.2517241379310345
2020-05-20,0.24482758620689654
2020-05-21,0.23793103448275862
2020-05-22,0.2310344827586207
2020-05-23,0.22413793103448276
2020-05-24,0.21724137931034482
2020-05-25,0.2103448275862069
2020-05-26,0.20344827586206898
2020-05-27,0.19655172413793104
2020-05-28,0.1896551724137931
2020-05-29,0.18275862068965518
2020-05-30,0.17586206896551726
2020-05-31,0.16896551724137931
2020-06-01,0.1620689655172414
2020-06-02,0.15517241379310345
2020-06-03,0.14827586206896554
2020-06-04,0.1413793103448276
2020-06-05,0.13448275862068967
2020-06-06,0.12758620689655173
2020-06-07,0.12068965517241381
2020-06-08,0.11379310344827587
2020-06-09,0.10689655172413795
2020-06-10,0.1
2020-06-11,0.11470588235294119
2020-06-12,0.12941176470588237
2020-06-13,0.14411764705882352
2020-06-14,0.1588235294117647
2020-06-15,0.17352941176470588
2020-06-16,0.18823529411764706
2020-06-17,0.20294117647058824
2020-06-18,0.21764705882352942
2020-06-19,0.2323529411764706
2020-06-20,0.24705882352941178
2020-06-21,0.26176470588235295
2020-06-22,0.27647058823529413
2020-06-23,0.29117647058823526
2020-06-24,0.3058823529411765
2020-06-25,0.3205882352941176
2020-06-26,0.33529411764705885
2020-06-27,0.35
2020-06-28,0.3647058823529412
2020-06-29,0.37941176470588234
2020-06-30,0.3941176470588236
2020-07-01,0.4088235294117647
2020-07-02,0.42352941176470593
2020-07-03,0.43823529411764706
2020-07-04,0.4529411764705882
2020-07-05,0.4676470588235294
2020-07-06,0.48235294117647054
2020-07-07,0.4970588235294118
2020-07-08,0.5117647058823529
2020-07-09,0.5264705882352941
2020-07-10,0.5411764705882353
2020-07-11,0.5558823529411765
2020-07-12,0.5705882352941176
2020-07-13,0.5852941176470589
2020-07-14,0.6
2020-07-15,0.6137931034482759
2020-07-16,0.6275862068965518
2020-07-17,0.6413793103448275
2020-07-18,0.6551724137931034
2020-07-19,0.6689655172413793
2020-07-20,0.6827586206896552
2020-07-21,0.696551724137931
2020-07-22,0.7103448275862069
2020-07-23,0.7241379310344828
2020-07-24,0.7379310344827587
2020-07-25,0.7517241379310344
2020-07-26,0.7655172413793103
2020-07-27,0.7793103448275862
2020-07-28,0.7931034482758621
2020-07-29,0.806896551724138
2020-07-30,0.8206896551724138
2020-07-31,0.8344827586206897
2020-08-01,0.8482758620689655
2020-08-02,0.8620689655172413
2020-08-03,0.8758620689655172
2020-08-04,0.8896551724137931
2020-08-05,0.903448275862069
2020-08-06,0.9172413793103449
2020-08-07,0.9310344827586208
2020-08-08,0.9448275862068966
2020-08-09,0.9586206896551724
2020-08-10,0.9724137931034482
2020-08-11,0.9862068965517241
2020-08-12,1.0
2020-08-13,1.01
2020-08-14,1.02
2020-08-15,1.03
2020-08-16,1.04
2020-08-17,1.05
2020-08-18,1.06
2020-08-19,1.07
2020-08-20,1.08
2020-08-21,1.09
2020-08-22,1.1
2020-08-23,1.11
2020-08-24,1.12
2020-08-25,1.1300000000000001
2020-08-26,1.1400000000000001
2020-08-27,1.15
2020-08-28,1.1600000000000001
2020-08-29,1.17
2020-08-30,1.1800000000000002
2020-08-31,1.19
2020-09-01,1.2
2020-09-02,1.21
2020-09-03,1.22
2020-09-04,1.23
2020-09-05,1.24
2020-09-06,1.25
2020-09-07,1.26
2020-09-08,1.27
2020-09-09,1.28
2020-09-10,1.29
2020-09-11,1.3
2020-09-12,1.303125
2020-09-13,1.3062500000000001
2020-09-14,1.309375
2020-09-15,1.3125
2020-09-16,1.315625
2020-09-17,1.31875
2020-09-18,1.321875
2020-09-19,1.325
2020-09-20,1.328125
2020-09-21,1.33125
2020-09-22,1.334375
2020-09-23,1.3375
2020-09-24,1.340625
2020-09-25,1.34375
2020-09-26,1.346875
2020-09-27,1.35
2020-09-28,1.353125
2020-09-29,1.35625
2020-09-30,1.359375
2020-10-01,1.3625
2020-10-02,1.3656249999999999
2020-10-03,1.36875
2020-10-04,1.371875
2020-10-05,1.375
2020-10-06,1.3781249999999998
2020-10-07,1.3812499999999999
2020-10-08,1.384375
2020-10-09,1.3875
2020-10-10,1.390625
2020-10-11,1.3937499999999998
2020-10-12,1.3968749999999999
2020-10-13,1.4
2020-10-14,1.3933333333333333
2020-10-15,1.3866666666666665
2020-10-16,1.38
2020-10-17,1.3733333333333333
2020-10-18,1.3666666666666667
2020-10-19,1.3599999999999999
2020-10-20,1.3533333333333333
2020-10-21,1.3466666666666667
2020-10-22,1.3399999999999999
2020-10-23,1.3333333333333333
2020-10-24,1.3266666666666667
2020-10-25,1.3199999999999998
2020-10-26,1.3133333333333332
2020-10-27,1.3066666666666666
2020-10-28,1.2999999999999998
2020-10-29,1.2933333333333332
2020-10-30,1.2866666666666666
2020-10-31,1.28
2020-11-01,1.2733333333333332
2020-11-02,1.2666666666666666
2020-11-03,1.26
2020-11-04,1.2533333333333332
2020-11-05,1.2466666666666666
2020-11-06,1.24
2020-11-07,1.2333333333333334
2020-11-08,1.2266666666666666
2020-11-09,1.22
2020-11-10,1.2133333333333334
2020-11-11,1.2066666666666666
2020-11-12,1.2
2020-11-13,1.2
2020-11-14,1.2
2020-11-15,1.2
2020-11-16,1.2
2020-11-17,1.2
2020-11-18,1.2
2020-11-19,1.2
2020-11-20,1.2
2020-11-21,1.2
2020-11-22,1.2
2020-11-23,1.2
2020-11-24,1.2
2020-11-25,1.2
2020-11-26,1.2
2020-11-27,1.2
2020-11-28,1.2
2020-11-29,1.2
2020-11-30,1.2
2020-12-01,1.2
2020-12-02,1.2
2020-12-03,1.2
2020-12-04,1.2
2020-12-05,1.2
2020-12-06,1.2
2020-12-07,1.2
2020-12-08,1.2
2020-12-09,1.2
2020-12-10,1.2
2020-12-11,1.2058823529411764
2020-12-12,1.2117647058823529
2020-12-13,1.2176470588235293
2020-12-14,1.2235294117647058
2020-12-15,1.2294117647058822
2020-12-16,1.2352941176470589
2020-12-17,1.2411764705882353
2020-12-18,1.2470588235294118
2020-12-19,1.2529411764705882
2020-12-20,1.2588235294117647
2020-12-21,1.2647058823529411
2020-12-22,1.2705882352941176
2020-12-23,1.276470588235294
2020-12-24,1.2823529411764705
2020-12-25,1.288235294117647
2020-12-26,1.2941176470588234
2020-12-27,1.2999999999999998
2020-12-28,1.3058823529411765
2020-12-29,1.311764705882353
2020-12-30,1.3176470588235294
2020-12-31,1.3235294117647058
2021-01-01,1.3294117647058823
2021-01-02,1.3352941176470587
2021-01-03,1.3411764705882352
2021-01-04,1.3470588235294116
2021-01-05,1.352941176470588
2021-01-06,1.3588235294117645
2021-01-07,1.3647058823529412
2021-01-08,1.3705882352941177
2021-01-09,1.3764705882352941
2021-01-10,1.3823529411764706
2021-01-11,1.388235294117647
2021-01-12,1.3941176470588235
2021-01-13,1.4
2021-01-14,1.4
2021-01-15,1.4
2021-01-16,1.4
2021-01-17,1.4
2021-01-18,1.4
2021-01-19,1.4
2021-01-20,1.4
2021-01-21,1.4
2021-01-22,1.4
2021-01-23,1.4
2021-01-24,1.4
2021-01-25,1.4
2021-01-26,1.4
2021-01-27,1.4
2021-01-28,1.4
2021-01-29,1.4
2021-01-30,1.4
2021-01-31,1.4
2021-02-01,1.4
2021-02-02,1.4
2021-02-03,1.4
2021-02-04,1.4
2021-02-05,1.4
2021-02-06,1.4
2021-02-07,1.4
2021-02-08,1.4
2021-02-09,1.4
2021-02-10,1.4
2021-02-11,1.4107142857142856
2021-02-12,1.4214285714285713
2021-02-13,1.4321428571428572
2021-02-14,1.4428571428571428
2021-02-15,1.4535714285714285
2021-02-16,1.4642857142857142
2021-02-17,1.4749999999999999
2021-02-18,1.4857142857142855
2021-02-19,1.4964285714285714
2021-02-20,1.5071428571428571
2021-02-21,1.5178571428571428
2021-02-22,1.5285714285714285
2021-02-23,1.5392857142857141
2021-02-24,1.5499999999999998
2021-02-25,1.5607142857142857
2021-02-26,1.5714285714285714
2021-02-27,1.582142857142857
2021-02-28,1.5928571428571427
2021-03-01,1.6035714285714284
2021-03-02,1.6142857142857143
2021-03-03,1.625
2021-03-04,1.6357142857142857
2021-03-05,1.6464285714285714
2021-03-06,1.657142857142857
2021-03-07,1.6678571428571427
2021-03-08,1.6785714285714286
2021-03-09,1.6892857142857143
2021-03-10,1.7
2021-03-11,1.726470588235294
2021-03-12,1.7529411764705882
2021-03-13,1.7794117647058822
2021-03-14,1.8058823529411765
2021-03-15,1.8323529411764705
2021-03-16,1.8588235294117648
2021-03-17,1.8852941176470588
2021-03-18,1.9117647058823528
2021-03-19,1.938235294117647
2021-03-20,1.9647058823529413
2021-03-21,1.9911764705882353
2021-03-22,2.0176470588235293
2021-03-23,2.0441176470588234
2021-03-24,2.0705882352941174
2021-03-25,2.097058823529412
2021-03-26,2.123529411764706
2021-03-27,2.15
2021-03-28,2.1764705882352944
2021-03-29,2.2029411764705884
2021-03-30,2.2294117647058824
2021-03-31,2.2558823529411764
2021-04-01,2.2823529411764705
2021-04-02,2.3088235294117645
2021-04-03,2.335294117647059
2021-04-04,2.361764705882353
2021-04-05,2.388235294117647
2021-04-06,2.4147058823529415
2021-04-07,2.4411764705882355
2021-04-08,2.4676470588235295
2021-04-09,2.4941176470588236
2021-04-10,2.5205882352941176
2021-04-11,2.5470588235294116
2021-04-12,2.573529411764706
2021-04-13,2.6
2021-04-14,2.6551724137931036
2021-04-15,2.710344827586207
2021-04-16,2.7655172413793103
2021-04-17,2.820689655172414
2021-04-18,2.8758620689655174
2021-04-19,2.931034482758621
2021-04-20,2.986206896551724
2021-04-21,3.0413793103448277
2021-04-22,3.0965517241379312
2021-04-23,3.151724137931035
2021-04-24,3.206896551724138
2021-04-25,3.2620689655172415
2021-04-26,3.317241379310345
2021-04-27,3.3724137931034486
2021-04-28,3.427586206896552
2021-04-29,3.4827586206896552
2021-04-30,3.537931034482759
2021-05-01,3.5931034482758624
2021-05-02,3.6482758620689655
2021-05-03,3.703448275862069
2021-05-04,3.7586206896551726
2021-05-05,3.813793103448276
2021-05-06,3.8689655172413797
2021-05-07,3.9241379310344833
2021-05-08,3.9793103448275864
2021-05-09,4.03448275862069
2021-05-10,4.089655172413793
2021-05-11,4.144827586206897
2021-05-12,4.2
2021-05-13,4.227586206896552
2021-05-14,4.255172413793104
2021-05-15,4.2827586206896555
2021-05-16,4.310344827586207
2021-05-17,4.337931034482759
2021-05-18,4.365517241379311
2021-05-19,4.393103448275863
2021-05-20,4.4206896551724135
2021-05-21,4.448275862068965
2021-05-22,4.475862068965517
2021-05-23,4.503448275862069
2021-05-24,4.531034482758621
2021-05-25,4.558620689655172
2021-05-26,4.586206896551724
2021-05-27,4.613793103448276
2021-05-28,4.641379310344828
2021-05-29,4.6689655172413795
2021-05-30,4.696551724137931
2021-05-31,4.724137931034483
2021-06-01,4.751724137931035
2021-06-02,4.779310344827586
2021-06-03,4.806896551724138
2021-06-04,4.834482758620689
2021-06-05,4.862068965517241
2021-06-06,4.889655172413793
2021-06-07,4.917241379310345
2021-06-08,4.944827586206896
2021-06-09,4.972413793103448
2021-06-10,5.0
2021-06-11,5.012121212121212
2021-06-12,5.024242424242424
2021-06-13,5.036363636363636
2021-06-14,5.048484848484849
2021-06-15,5.0606060606060606
2021-06-16,5.072727272727273
2021-06-17,5.084848484848485
2021-06-18,5.096969696969697
2021-06-19,5.109090909090909
2021-06-20,5.121212121212121
2021-06-21,5.133333333333334
2021-06-22,5.1454545454545455
2021-06-23,5.157575757575758
2021-06-24,5.16969696969697
2021-06-25,5.181818181818182
2021-06-26,5.193939393939394
2021-06-27,5.206060606060606
2021-06-28,5.218181818181819
2021-06-29,5.2303030303030305
2021-06-30,5.242424242424242
2021-07-01,5.254545454545455
2021-07-02,5.266666666666667
2021-07-03,5.278787878787879
2021-07-04,5.290909090909091
2021-07-05,5.303030303030304
2021-07-06,5.315151515151515
2021-07-07,5.327272727272727
2021-07-08,5.33939393939394
2021-07-09,5.351515151515152
2021-07-10,5.363636363636364
2021-07-11,5.375757575757576
2021-07-12,5.387878787878789
2021-07-13,5.4
2021-07-14,5.4
2021-07-15,5.4
2021-07-16,5.4
2021-07-17,5.4
2021-07-18,5.4
2021-07-19,5.4
2021-07-20,5.4
2021-07-21,5.4
2021-07-22,5.4
2021-07-23,5.4
2021-07-24,5.4
2021-07-25,5.4
2021-07-26,5.4
2021-07-27,5.4
2021-07-28,5.4
2021-07-29,5.4
2021-07-30,5.4
2021-07-31,5.4
2021-08-01,5.4
2021-08-02,5.4
2021-08-03,5.4
2021-08-04,5.4
2021-08-05,5.4
2021-08-06,5.4
2021-08-07,5.4
2021-08-08,5.4
2021-08-09,5.4
2021-08-10,5.4
2021-08-11,5.4
2021-08-12,5.397058823529412
2021-08-13,5.394117647058824
2021-08-14,5.391176470588236
2021-08-15,5.3882352941176475
2021-08-16,5.385294117647059
2021-08-17,5.382352941176471
2021-08-18,5.379411764705883
2021-08-19,5.376470588235295
2021-08-20,5.373529411764706
2021-08-21,5.370588235294118
2021-08-22,5.36764705882353
2021-08-23,5.364705882352942
2021-08-24,5.361764705882353
2021-08-25,5.358823529411765
2021-08-26,5.355882352941177
2021-08-27,5.352941176470589
2021-08-28,5.35
2021-08-29,5.347058823529411
2021-08-30,5.344117647058823
2021-08-31,5.341176470588235
2021-09-01,5.338235294117647
2021-09-02,5.3352941176470585
2021-09-03,5.33235294117647
2021-09-04,5.329411764705882
2021-09-05,5.326470588235294
2021-09-06,5.323529411764706
2021-09-07,5.320588235294117
2021-09-08,5.317647058823529
2021-09-09,5.314705882352941
2021-09-10,5.311764705882353
2021-09-11,5.3088235294117645
2021-09-12,5.305882352941176
2021-09-13,5.302941176470588
2021-09-14,5.3
2021-09-15,5.303448275862069
2021-09-16,5.3068965517241375
2021-09-17,5.310344827586206
2021-09-18,5.313793103448276
2021-09-19,5.317241379310345
2021-09-20,5.320689655172414
2021-09-21,5.324137931034483
2021-09-22,5.327586206896552
2021-09-23,5.3310344827586205
2021-09-24,5.334482758620689
2021-09-25,5.337931034482759
2021-09-26,5.341379310344828
2021-09-27,5.344827586206897
2021-09-28,5.348275862068966
2021-09-29,5.3517241379310345
2021-09-30,5.355172413793103
2021-10-01,5.358620689655172
2021-10-02,5.362068965517241
2021-10-03,5.365517241379311
2021-10-04,5.36896551724138
2021-10-05,5.372413793103449
2021-10-06,5.375862068965517
2021-10-07,5.379310344827586
2021-10-08,5.382758620689655
2021-10-09,5.386206896551724
2021-10-10,5.389655172413794
2021-10-11,5.393103448275863
2021-10-12,5.3965517241379315
2021-10-13,5.4
2021-10-14,5.428571428571429
2021-10-15,5.457142857142857
2021-10-16,5.485714285714286
2021-10-17,5.514285714285714
2021-10-18,5.542857142857144
2021-10-19,5.571428571428572
2021-10-20,5.6000000000000005
2021-10-21,5.628571428571429
2021-10-22,5.6571428571428575
2021-10-23,5.685714285714286
2021-10-24,5.714285714285714
2021-10-25,5.742857142857143
2021-10-26,5.771428571428571
2021-10-27,5.800000000000001
2021-10-28,5.828571428571429
2021-10-29,5.857142857142858
2021-10-30,5.885714285714286
2021-10-31,5.914285714285715
2021-11-01,5.942857142857143
2021-11-02,5.9714285714285715
2021-11-03,6.0
2021-11-04,6.0285714285714285
2021-11-05,6.057142857142857
2021-11-06,6.085714285714285
2021-11-07,6.114285714285715
2021-11-08,6.142857142857143
2021-11-09,6.171428571428572
2021-11-10,6.2
2021-11-11,6.22
2021-11-12,6.24
2021-11-13,6.26
2021-11-14,6.28
2021-11-15,6.3
2021-11-16,6.32
2021-11-17,6.34
2021-11-18,6.36
2021-11-19,6.38
2021-11-20,6.4
2021-11-21,6.42
2021-11-22,6.44
2021-11-23,6.46
2021-11-24,6.48
2021-11-25,6.5
2021-11-26,6.52
2021-11-27,6.54
2021-11-28,6.56
2021-11-29,6.58
2021-11-30,6.6
2021-12-01,6.62
2021-12-02,6.64
2021-12-03,6.66
2021-12-04,6.68
2021-12-05,6.7
2021-12-06,6.72
2021-12-07,6.74
2021-12-08,6.76
2021-12-09,6.779999999999999
2021-12-10,6.8
2021-12-11,6.806060606060606
2021-12-12,6.812121212121212
2021-12-13,6.818181818181818
2021-12-14,6.824242424242424
2021-12-15,6.83030303030303
2021-12-16,6.836363636363636
2021-12-17,6.842424242424242
2021-12-18,6.848484848484849
2021-12-19,6.8545454545454545
2021-12-20,6.86060606060606
2021-12-21,6.866666666666666
2021-12-22,6.872727272727273
2021-12-23,6.878787878787879
2021-12-24,6.884848484848485
2021-12-25,6.890909090909091
2021-12-26,6.8969696969696965
2021-12-27,6.903030303030303
2021-12-28,6.909090909090909
2021-12-29,6.915151515151515
2021-12-30,6.921212121212121
2021-12-31,6.927272727272727
2022-01-01,6.933333333333334
2022-01-02,6.9393939393939394
2022-01-03,6.945454545454545
2022-01-04,6.951515151515151
2022-01-05,6.957575757575757
2022-01-06,6.963636363636364
2022-01-07,6.96969696969697
2022-01-08,6.975757575757576
2022-01-09,6.9818181818181815
2022-01-10,6.987878787878788
2022-01-11,6.993939393939394
2022-01-12,7.0
2022-01-13,7.017241379310345
2022-01-14,7.0344827586206895
2022-01-15,7.051724137931035
2022-01-16,7.068965517241379
2022-01-17,7.086206896551724
2022-01-18,7.103448275862069
2022-01-19,7.120689655172414
2022-01-20,7.137931034482759
2022-01-21,7.155172413793103
2022-01-22,7.172413793103448
2022-01-23,7.189655172413793
2022-01-24,7.206896551724138
2022-01-25,7.224137931034483
2022-01-26,7.241379310344827
2022-01-27,7.258620689655173
2022-01-28,7.275862068965517
2022-01-29,7.293103448275862
2022-01-30,7.310344827586207
2022-01-31,7.327586206896552
2022-02-01,7.344827586206897
2022-02-02,7.362068965517241
2022-02-03,7.379310344827586
2022-02-04,7.396551724137931
2022-02-05,7.413793103448276
2022-02-06,7.431034482758621
2022-02-07,7.448275862068965
2022-02-08,7.4655172413793105
2022-02-09,7.482758620689655
2022-02-10,7.5
2022-02-11,7.514285714285714
2022-02-12,7.5285714285714285
2022-02-13,7.542857142857143
2022-02-14,7.557142857142857
2022-02-15,7.571428571428571
2022-02-16,7.585714285714285
2022-02-17,7.6
2022-02-18,7.614285714285715
2022-02-19,7.628571428571429
2022-02-20,7.642857142857143
2022-02-21,7.6571428571428575
2022-02-22,7.671428571428572
2022-02-23,7.685714285714286
2022-02-24,7.7
2022-02-25,7.714285714285714
2022-02-26,7.728571428571429
2022-02-27,7.742857142857143
2022-02-28,7.757142857142857
2022-03-01,7.771428571428571
2022-03-02,7.785714285714286
2022-03-03,7.800000000000001
2022-03-04,7.814285714285715
2022-03-05,7.828571428571429
2022-03-06,7.842857142857143
2022-03-07,7.857142857142858
2022-03-08,7.871428571428572
2022-03-09,7.885714285714286
2022-03-10,7.9
2022-03-11,7.918181818181819
2022-03-12,7.9363636363636365
2022-03-13,7.954545454545455
2022-03-14,7.972727272727273
2022-03-15,7.990909090909091
2022-03-16,8.00909090909091
2022-03-17,8.027272727272727
2022-03-18,8.045454545454545
2022-03-19,8.063636363636364
2022-03-20,8.081818181818182
2022-03-21,8.1
2022-03-22,8.118181818181819
2022-03-23,8.136363636363637
2022-03-24,8.154545454545454
2022-03-25,8.172727272727274
2022-03-26,8.190909090909091
2022-03-27,8.209090909090909
2022-03-28,8.227272727272727
2022-03-29,8.245454545454546
2022-03-30,8.263636363636364
2022-03-31,8.281818181818181
2022-04-01,8.3
2022-04-02,8.318181818181818
2022-04-03,8.336363636363636
2022-04-04,8.354545454545455
2022-04-05,8.372727272727273
2022-04-06,8.39090909090909
2022-04-07,8.40909090909091
2022-04-08,8.427272727272728
2022-04-09,8.445454545454545
2022-04-10,8.463636363636363
2022-04-11,8.481818181818182
2022-04-12,8.5
2022-04-13,8.493103448275862
2022-04-14,8.486206896551725
2022-04-15,8.479310344827587
2022-04-16,8.472413793103449
2022-04-17,8.46551724137931
2022-04-18,8.458620689655172
2022-04-19,8.451724137931034
2022-04-20,8.444827586206896
2022-04-21,8.437931034482759
2022-04-22,8.431034482758621
2022-04-23,8.424137931034483
2022-04-24,8.417241379310346
2022-04-25,8.410344827586208
2022-04-26,8.40344827586207
2022-04-27,8.39655172413793
2022-04-28,8.389655172413793
2022-04-29,8.382758620689655
2022-04-30,8.375862068965517
2022-05-01,8.36896551724138
2022-05-02,8.362068965517242
2022-05-03,8.355172413793104
2022-05-04,8.348275862068967
2022-05-05,8.341379310344829
2022-05-06,8.334482758620691
2022-05-07,8.327586206896552
2022-05-08,8.320689655172414
2022-05-09,8.313793103448276
2022-05-10,8.306896551724138
2022-05-11,8.3
2022-05-12,8.31
2022-05-13,8.32
2022-05-14,8.33
2022-05-15,8.34
2022-05-16,8.350000000000001
2022-05-17,8.360000000000001
2022-05-18,8.370000000000001
2022-05-19,8.38
2022-05-20,8.39
2022-05-21,8.4
2022-05-22,8.41
2022-05-23,8.42
2022-05-24,8.43
2022-05-25,8.44
2022-05-26,8.45
2022-05-27,8.46
2022-05-28,8.47
2022-05-29,8.48
2022-05-30,8.49
2022-05-31,8.5
2022-06-01,8.51
2022-06-02,8.52
2022-06-03,8.53
2022-06-04,8.54
2022-06-05,8.549999999999999
2022-06-06,8.56
2022-06-07,8.57
2022-06-08,8.58
2022-06-09,8.59
2022-06-10,8.6
2022-06-11,8.615151515151515
2022-06-12,8.63030303030303
2022-06-13,8.645454545454545
2022-06-14,8.66060606060606
2022-06-15,8.675757575757576
2022-06-16,8.690909090909091
2022-06-17,8.706060606060605
2022-06-18,8.72121212121212
2022-06-19,8.736363636363636
2022-06-20,8.751515151515152
2022-06-21,8.766666666666666
2022-06-22,8.781818181818181
2022-06-23,8.796969696969697
2022-06-24,8.812121212121212
2022-06-25,8.827272727272726
2022-06-26,8.842424242424242
2022-06-27,8.857575757575757
2022-06-28,8.872727272727273
2022-06-29,8.887878787878787
2022-06-30,8.903030303030302
2022-07-01,8.918181818181818
2022-07-02,8.933333333333334
2022-07-03,8.948484848484847
2022-07-04,8.963636363636363
2022-07-05,8.978787878787879
2022-07-06,8.993939393939394
2022-07-07,9.009090909090908
2022-07-08,9.024242424242424
2022-07-09,9.039393939393939
2022-07-10,9.054545454545455
2022-07-11,9.06969696969697
2022-07-12,9.084848484848484
2022-07-13,9.1
2022-07-14,9.078571428571427
2022-07-15,9.057142857142857
2022-07-16,9.035714285714285
2022-07-17,9.014285714285714
2022-07-18,8.992857142857142
2022-07-19,8.971428571428572
2022-07-20,8.95
2022-07-21,8.928571428571429
2022-07-22,8.907142857142857
2022-07-23,8.885714285714286
2022-07-24,8.864285714285714
2022-07-25,8.842857142857143
2022-07-26,8.821428571428571
2022-07-27,8.8
2022-07-28,8.778571428571428
2022-07-29,8.757142857142856
2022-07-30,8.735714285714286
2022-07-31,8.714285714285714
2022-08-01,8.692857142857143
2022-08-02,8.67142857142857
2022-08-03,8.65
2022-08-04,8.628571428571428
2022-08-05,8.607142857142858
2022-08-06,8.585714285714285
2022-08-07,8.564285714285715
2022-08-08,8.542857142857143
2022-08-09,8.521428571428572
2022-08-10,8.5
2022-08-11,8.494117647058824
2022-08-12,8.488235294117647
2022-08-13,8.48235294117647
2022-08-14,8.476470588235294
2022-08-15,8.470588235294118
2022-08-16,8.464705882352941
2022-08-17,8.458823529411765
2022-08-18,8.452941176470588
2022-08-19,8.447058823529412
2022-08-20,8.441176470588236
2022-08-21,8.435294117647059
2022-08-22,8.429411764705883
2022-08-23,8.423529411764706
2022-08-24,8.41764705882353
2022-08-25,8.411764705882353
2022-08-26,8.405882352941177
2022-08-27,8.4
2022-08-28,8.394117647058824
2022-08-29,8.388235294117647
2022-08-30,8.382352941176471
2022-08-31,8.376470588235295
2022-09-01,8.370588235294118
2022-09-02,8.364705882352942
2022-09-03,8.358823529411765
2022-09-04,8.352941176470589
2022-09-05,8.347058823529412
2022-09-06,8.341176470588236
2022-09-07,8.33529411764706
2022-09-08,8.329411764705883
2022-09-09,8.323529411764707
2022-09-10,8.31764705882353
2022-09-11,8.311764705882354
2022-09-12,8.305882352941177
2022-09-13,8.3
2022-09-14,8.296666666666667
2022-09-15,8.293333333333335
2022-09-16,8.290000000000001
2022-09-17,8.286666666666667
2022-09-18,8.283333333333333
2022-09-19,8.280000000000001
2022-09-20,8.276666666666667
2022-09-21,8.273333333333333
2022-09-22,8.27
2022-09-23,8.266666666666667
2022-09-24,8.263333333333334
2022-09-25,8.26
2022-09-26,8.256666666666666
2022-09-27,8.253333333333334
2022-09-28,8.25
2022-09-29,8.246666666666666
2022-09-30,8.243333333333334
2022-10-01,8.24
2022-10-02,8.236666666666666
2022-10-03,8.233333333333333
2022-10-04,8.23
2022-10-05,8.226666666666667
2022-10-06,8.223333333333333
2022-10-07,8.219999999999999
2022-10-08,8.216666666666667
2022-10-09,8.213333333333333
2022-10-10,8.209999999999999
2022-10-11,8.206666666666665
2022-10-12,8.203333333333333
2022-10-13,8.2
2022-10-14,8.182142857142857
2022-10-15,8.164285714285713
2022-10-16,8.14642857142857
2022-10-17,8.128571428571428
2022-10-18,8.110714285714286
2022-10-19,8.092857142857142
2022-10-20,8.075
2022-10-21,8.057142857142857
2022-10-22,8.039285714285715
2022-10-23,8.02142857142857
2022-10-24,8.003571428571428
2022-10-25,7.985714285714286
2022-10-26,7.9678571428571425
2022-10-27,7.949999999999999
2022-10-28,7.932142857142857
2022-10-29,7.914285714285714
2022-10-30,7.896428571428571
2022-10-31,7.878571428571428
2022-11-01,7.860714285714286
2022-11-02,7.8428571428571425
2022-11-03,7.825
2022-11-04,7.807142857142857
2022-11-05,7.789285714285715
2022-11-06,7.771428571428571
2022-11-07,7.753571428571429
2022-11-08,7.735714285714286
2022-11-09,7.717857142857143
2022-11-10,7.7
2022-11-11,7.681818181818182
2022-11-12,7.663636363636364
2022-11-13,7.6454545454545455
2022-11-14,7.627272727272727
2022-11-15,7.609090909090909
2022-11-16,7.590909090909091
2022-11-17,7.572727272727273
2022-11-18,7.554545454545455
2022-11-19,7.536363636363636
2022-11-20,7.5181818181818185
2022-11-21,7.5
2022-11-22,7.4818181818181815
2022-11-23,7.463636363636364
2022-11-24,7.445454545454545
2022-11-25,7.427272727272727
2022-11-26,7.409090909090909
2022-11-27,7.390909090909091
2022-11-28,7.372727272727273
2022-11-29,7.3545454545454545
2022-11-30,7.336363636363636
2022-12-01,7.318181818181818
2022-12-02,7.3
2022-12-03,7.281818181818181
2022-12-04,7.263636363636364
2022-12-05,7.245454545454545
2022-12-06,7.227272727272727
2022-12-07,7.209090909090909
2022-12-08,7.1909090909090905
2022-12-09,7.172727272727272
2022-12-10,7.154545454545454
2022-12-11,7.136363636363636
2022-12-12,7.118181818181818
2022-12-13,7.1
2022-12-14,7.08
2022-12-15,7.06
2022-12-16,7.04
2022-12-17,7.02
2022-12-18,7.0
2022-12-19,6.9799999999999995
2022-12-20,6.96
2022-12-21,6.9399999999999995
2022-12-22,6.92
2022-12-23,6.8999999999999995
2022-12-24,6.88
2022-12-25,6.859999999999999
2022-12-26,6.84
2022-12-27,6.82
2022-12-28,6.8
2022-12-29,6.78
2022-12-30,6.76
2022-12-31,6.74
2023-01-01,6.72
2023-01-02,6.7
2023-01-03,6.68
2023-01-04,6.66
2023-01-05,6.64
2023-01-06,6.62
2023-01-07,6.6
2023-01-08,6.58
2023-01-09,6.5600000000000005
2023-01-10,6.54
2023-01-11,6.52
2023-01-12,6.5
2023-01-13,6.496969696969697
2023-01-14,6.493939393939394
2023-01-15,6.490909090909091
2023-01-16,6.487878787878788
2023-01-17,6.484848484848485
2023-01-18,6.4818181818181815
2023-01-19,6.4787878787878785
2023-01-20,6.475757575757576
2023-01-21,6.472727272727273
2023-01-22,6.46969696969697
2023-01-23,6.466666666666667
2023-01-24,6.463636363636364
2023-01-25,6.460606060606061
2023-01-26,6.457575757575758
2023-01-27,6.454545454545455
2023-01-28,6.451515151515152
2023-01-29,6.448484848484848
2023-01-30,6.445454545454545
2023-01-31,6.442424242424242
2023-02-01,6.4393939393939394
2023-02-02,6.4363636363636365
2023-02-03,6.433333333333334
2023-02-04,6.430303030303031
2023-02-05,6.427272727272728
2023-02-06,6.424242424242425
2023-02-07,6.421212121212122
2023-02-08,6.418181818181819
2023-02-09,6.415151515151515
2023-02-10,6.412121212121212
2023-02-11,6.409090909090909
2023-02-12,6.406060606060606
2023-02-13,6.403030303030303
2023-02-14,6.4
2023-02-15,6.385714285714286
2023-02-16,6.371428571428572
2023-02-17,6.357142857142858
2023-02-18,6.342857142857143
2023-02-19,6.328571428571429
2023-02-20,6.314285714285715
2023-02-21,6.300000000000001
2023-02-22,6.285714285714286
2023-02-23,6.271428571428571
2023-02-24,6.257142857142857
2023-02-25,6.242857142857143
2023-02-26,6.228571428571429
2023-02-27,6.214285714285714
2023-02-28,6.2
2023-03-01,6.185714285714286
2023-03-02,6.171428571428572
2023-03-03,6.1571428571428575
2023-03-04,6.142857142857143
2023-03-05,6.128571428571429
2023-03-06,6.114285714285715
2023-03-07,6.1
2023-03-08,6.085714285714285
2023-03-09,6.071428571428571
2023-03-10,6.057142857142857
2023-03-11,6.042857142857143
2023-03-12,6.0285714285714285
2023-03-13,6.014285714285714
2023-03-14,6.0
2023-03-15,5.9655172413793105
2023-03-16,5.931034482758621
2023-03-17,5.896551724137931
2023-03-18,5.862068965517241
2023-03-19,5.827586206896552
2023-03-20,5.793103448275862
2023-03-21,5.758620689655173
2023-03-22,5.724137931034483
2023-03-23,5.689655172413793
2023-03-24,5.655172413793103
2023-03-25,5.620689655172414
2023-03-26,5.586206896551724
2023-03-27,5.551724137931035
2023-03-28,5.517241379310345
2023-03-29,5.482758620689655
2023-03-30,5.448275862068965
2023-03-31,5.413793103448276
2023-04-01,5.379310344827586
2023-04-02,5.344827586206897
2023-04-03,5.310344827586206
2023-04-04,5.275862068965517
2023-04-05,5.241379310344827
2023-04-06,5.206896551724138
2023-04-07,5.172413793103448
2023-04-08,5.137931034482759
2023-04-09,5.103448275862069
2023-04-10,5.068965517241379
2023-04-11,5.0344827586206895
2023-04-12,5.0
2023-04-13,4.996428571428572
2023-04-14,4.992857142857143
2023-04-15,4.989285714285714
2023-04-16,4.985714285714286
2023-04-17,4.982142857142858
2023-04-18,4.978571428571429
2023-04-19,4.975
2023-04-20,4.9714285714285715
2023-04-21,4.967857142857143
2023-04-22,4.964285714285714
2023-04-23,4.960714285714285
2023-04-24,4.957142857142857
2023-04-25,4.953571428571429
2023-04-26,4.95
2023-04-27,4.946428571428571
2023-04-28,4.942857142857143
2023-04-29,4.939285714285715
2023-04-30,4.935714285714286
2023-05-01,4.932142857142857
2023-05-02,4.928571428571429
2023-05-03,4.925000000000001
2023-05-04,4.921428571428572
2023-05-05,4.917857142857143
2023-05-06,4.914285714285715
2023-05-07,4.9107142857142865
2023-05-08,4.9071428571428575
2023-05-09,4.9035714285714285
2023-05-10,4.9
2023-05-11,4.873529411764706
2023-05-12,4.847058823529412
2023-05-13,4.820588235294118
2023-05-14,4.794117647058824
2023-05-15,4.767647058823529
2023-05-16,4.741176470588235
2023-05-17,4.714705882352941
2023-05-18,4.688235294117647
2023-05-19,4.661764705882353
2023-05-20,4.635294117647059
2023-05-21,4.608823529411765
2023-05-22,4.582352941176471
2023-05-23,4.555882352941177
2023-05-24,4.529411764705882
2023-05-25,4.502941176470588
2023-05-26,4.476470588235294
2023-05-27,4.45
2023-05-28,4.423529411764706
2023-05-29,4.397058823529412
2023-05-30,4.370588235294118
2023-05-31,4.344117647058823
2023-06-01,4.317647058823529
2023-06-02,4.291176470588235
2023-06-03,4.264705882352941
2023-06-04,4.238235294117647
2023-06-05,4.211764705882353
2023-06-06,4.185294117647059
2023-06-07,4.158823529411765
2023-06-08,4.132352941176471
2023-06-09,4.105882352941176
2023-06-10,4.079411764705882
2023-06-11,4.052941176470588
2023-06-12,4.026470588235294
2023-06-13,4.0
2023-06-14,3.9655172413793105
2023-06-15,3.9310344827586206
2023-06-16,3.896551724137931
2023-06-17,3.8620689655172415
2023-06-18,3.8275862068965516
2023-06-19,3.793103448275862
2023-06-20,3.7586206896551726
2023-06-21,3.7241379310344827
2023-06-22,3.689655172413793
2023-06-23,3.655172413793103
2023-06-24,3.6206896551724137
2023-06-25,3.586206896551724
2023-06-26,3.5517241379310347
2023-06-27,3.5172413793103448
2023-06-28,3.4827586206896552
2023-06-29,3.4482758620689653
2023-06-30,3.413793103448276
2023-07-01,3.3793103448275863
2023-07-02,3.344827586206897
2023-07-03,3.310344827586207
2023-07-04,3.2758620689655173
2023-07-05,3.2413793103448274
2023-07-06,3.206896551724138
2023-07-07,3.1724137931034484
2023-07-08,3.137931034482759
2023-07-09,3.103448275862069
2023-07-10,3.0689655172413794
2023-07-11,3.0344827586206895
2023-07-12,3.0
