day,date,nyhlr,high1,low1,close1,volume1
Tue,11-01-2022,1.1011,1.1011,1.1011,1.1011,0
Mon,10-31-2022,0.8623,0.8623,0.8623,0.8623,0
Fri,10-28-2022,0.7876,0.7876,0.7876,0.7876,0
Thu,10-27-2022,0.5937,0.5937,0.5937,0.5937,0
Wed,10-26-2022,0.8453,0.8453,0.8453,0.8453,0
Tue,10-25-2022,0.6194,0.6194,0.6194,0.6194,0
Mon,10-24-2022,0.1981,0.1981,0.1981,0.1981,0
Fri,10-21-2022,0.0729,0.0729,0.0729,0.0729,0
Thu,10-20-2022,0.0898,0.0898,0.0898,0.0898,0
Wed,10-19-2022,0.1064,0.1064,0.1064,0.1064,0
Tue,10-18-2022,0.3478,0.3478,0.3478,0.3478,0
Mon,10-17-2022,0.3583,0.3583,0.3583,0.3583,0
Fri,10-14-2022,0.1330,0.1330,0.1330,0.1330,0
Thu,10-13-2022,0.0310,0.0310,0.0310,0.0310,0
Wed,10-12-2022,0.0172,0.0172,0.0172,0.0172,0
Tue,10-11-2022,0.0241,0.0241,0.0241,0.0241,0
Mon,10-10-2022,0.0586,0.0586,0.0586,0.0586,0
Fri,10-07-2022,0.0478,0.0478,0.0478,0.0478,0
Thu,10-06-2022,0.1717,0.1717,0.1717,0.1717,0
Wed,10-05-2022,0.2622,0.2622,0.2622,0.2622,0
Tue,10-04-2022,0.3846,0.3846,0.3846,0.3846,0
Mon,10-03-2022,0.0717,0.0717,0.0717,0.0717,0
Fri,09-30-2022,0.0082,0.0082,0.0082,0.0082,0
Thu,09-29-2022,0.0097,0.0097,0.0097,0.0097,0
Wed,09-28-2022,0.0408,0.0408,0.0408,0.0408,0
Tue,09-27-2022,0.0167,0.0167,0.0167,0.0167,0
Mon,09-26-2022,0.0101,0.0101,0.0101,0.0101,0
Fri,09-23-2022,0.0072,0.0072,0.0072,0.0072,0
Thu,09-22-2022,0.0137,0.0137,0.0137,0.0137,0
Wed,09-21-2022,0.0591,0.0591,0.0591,0.0591,0
Tue,09-20-2022,0.0329,0.0329,0.0329,0.0329,0
Mon,09-19-2022,0.0655,0.0655,0.0655,0.0655,0
Fri,09-16-2022,0.0359,0.0359,0.0359,0.0359,0
Thu,09-15-2022,0.1022,0.1022,0.1022,0.1022,0
Wed,09-14-2022,0.1803,0.1803,0.1803,0.1803,0
Tue,09-13-2022,0.1619,0.1619,0.1619,0.1619,0
Mon,09-12-2022,1.1351,1.1351,1.1351,1.1351,0
Fri,09-09-2022,1.2413,1.2413,1.2413,1.2413,0
Thu,09-08-2022,0.2277,0.2277,0.2277,0.2277,0
Wed,09-07-2022,0.1134,0.1134,0.1134,0.1134,0
Tue,09-06-2022,0.0765,0.0765,0.0765,0.0765,0
Fri,09-02-2022,0.1782,0.1782,0.1782,0.1782,0
Thu,09-01-2022,0.0555,0.0555,0.0555,0.0555,0
Wed,08-31-2022,0.0687,0.0687,0.0687,0.0687,0
Tue,08-30-2022,0.0821,0.0821,0.0821,0.0821,0
Mon,08-29-2022,0.2189,0.2189,0.2189,0.2189,0
Fri,08-26-2022,0.2886,0.2886,0.2886,0.2886,0
Thu,08-25-2022,1.2647,1.2647,1.2647,1.2647,0
Wed,08-24-2022,0.5066,0.5066,0.5066,0.5066,0
Tue,08-23-2022,0.4677,0.4677,0.4677,0.4677,0
Mon,08-22-2022,0.2272,0.2272,0.2272,0.2272,0
Fri,08-19-2022,0.4561,0.4561,0.4561,0.4561,0
Thu,08-18-2022,1.8333,1.8333,1.8333,1.8333,0
Wed,08-17-2022,1.0294,1.0294,1.0294,1.0294,0
Tue,08-16-2022,3.0476,3.0476,3.0476,3.0476,0
Mon,08-15-2022,3.2105,3.2105,3.2105,3.2105,0
Fri,08-12-2022,2.3333,2.3333,2.3333,2.3333,0
Thu,08-11-2022,2.0357,2.0357,2.0357,2.0357,0
Wed,08-10-2022,2.6521,2.6521,2.6521,2.6521,0
Tue,08-09-2022,0.4482,0.4482,0.4482,0.4482,0
Mon,08-08-2022,2.1111,2.1111,2.1111,2.1111,0
Fri,08-05-2022,0.5869,0.5869,0.5869,0.5869,0
Thu,08-04-2022,0.7837,0.7837,0.7837,0.7837,0
Wed,08-03-2022,0.6944,0.6944,0.6944,0.6944,0
Tue,08-02-2022,1.0937,1.0937,1.0937,1.0937,0
Mon,08-01-2022,0.8541,0.8541,0.8541,0.8541,0
Fri,07-29-2022,0.9347,0.9347,0.9347,0.9347,0
Thu,07-28-2022,0.8800,0.8800,0.8800,0.8800,0
Wed,07-27-2022,0.7333,0.7333,0.7333,0.7333,0
Tue,07-26-2022,0.3000,0.3000,0.3000,0.3000,0
Mon,07-25-2022,0.4166,0.4166,0.4166,0.4166,0
Fri,07-22-2022,0.3555,0.3555,0.3555,0.3555,0
Thu,07-21-2022,0.2857,0.2857,0.2857,0.2857,0
Wed,07-20-2022,0.4193,0.4193,0.4193,0.4193,0
Tue,07-19-2022,0.2916,0.2916,0.2916,0.2916,0
Mon,07-18-2022,0.2833,0.2833,0.2833,0.2833,0
Fri,07-15-2022,0.1000,0.1000,0.1000,0.1000,0
Thu,07-14-2022,0.0079,0.0079,0.0079,0.0079,0
Wed,07-13-2022,0.0142,0.0142,0.0142,0.0142,0
Tue,07-12-2022,0.0632,0.0632,0.0632,0.0632,0
Mon,07-11-2022,0.0378,0.0378,0.0378,0.0378,0
Fri,07-08-2022,0.1250,0.1250,0.1250,0.1250,0
Thu,07-07-2022,0.1864,0.1864,0.1864,0.1864,0
Wed,07-06-2022,0.0659,0.0659,0.0659,0.0659,0
Tue,07-05-2022,0.0127,0.0127,0.0127,0.0127,0
Fri,07-01-2022,0.0585,0.0585,0.0585,0.0585,0
Thu,06-30-2022,0.0350,0.0350,0.0350,0.0350,0
Wed,06-29-2022,0.0452,0.0452,0.0452,0.0452,0
Tue,06-28-2022,0.1348,0.1348,0.1348,0.1348,0
Mon,06-27-2022,0.2153,0.2153,0.2153,0.2153,0
Fri,06-24-2022,0.1470,0.1470,0.1470,0.1470,0
Thu,06-23-2022,0.0153,0.0153,0.0153,0.0153,0
Wed,06-22-2022,0.0185,0.0185,0.0185,0.0185,0
Tue,06-21-2022,0.0696,0.0696,0.0696,0.0696,0
Fri,06-17-2022,0.0035,0.0035,0.0035,0.0035,0
Thu,06-16-2022,0.0009,0.0009,0.0009,0.0009,0
Wed,06-15-2022,0.0148,0.0148,0.0148,0.0148,0
Tue,06-14-2022,0.0047,0.0047,0.0047,0.0047,0
Mon,06-13-2022,0.0012,0.0012,0.0012,0.0012,0
Fri,06-10-2022,0.0159,0.0159,0.0159,0.0159,0
Thu,06-09-2022,0.1081,0.1081,0.1081,0.1081,0
Wed,06-08-2022,1.7843,1.7843,1.7843,1.7843,0
Tue,06-07-2022,1.4848,1.4848,1.4848,1.4848,0
Mon,06-06-2022,1.5370,1.5370,1.5370,1.5370,0
Fri,06-03-2022,2.0000,2.0000,2.0000,2.0000,0
Thu,06-02-2022,1.6842,1.6842,1.6842,1.6842,0
Wed,06-01-2022,1.0000,1.0000,1.0000,1.0000,0
Tue,05-31-2022,3.1818,3.1818,3.1818,3.1818,0
Fri,05-27-2022,2.4444,2.4444,2.4444,2.4444,0
Thu,05-26-2022,2.1750,2.1750,2.1750,2.1750,0
Wed,05-25-2022,0.5731,0.5731,0.5731,0.5731,0
Tue,05-24-2022,0.0815,0.0815,0.0815,0.0815,0
Mon,05-23-2022,0.2517,0.2517,0.2517,0.2517,0
Fri,05-20-2022,0.0412,0.0412,0.0412,0.0412,0
Thu,05-19-2022,0.0278,0.0278,0.0278,0.0278,0
Wed,05-18-2022,0.0693,0.0693,0.0693,0.0693,0
Tue,05-17-2022,0.2923,0.2923,0.2923,0.2923,0
Mon,05-16-2022,0.1702,0.1702,0.1702,0.1702,0
Fri,05-13-2022,0.0594,0.0594,0.0594,0.0594,0
Thu,05-12-2022,0.0038,0.0038,0.0038,0.0038,0
Wed,05-11-2022,0.0165,0.0165,0.0165,0.0165,0
Tue,05-10-2022,0.0054,0.0054,0.0054,0.0054,0
Mon,05-09-2022,0.0112,0.0112,0.0112,0.0112,0
Fri,05-06-2022,0.0454,0.0454,0.0454,0.0454,0
Thu,05-05-2022,0.1398,0.1398,0.1398,0.1398,0
Wed,05-04-2022,0.1596,0.1596,0.1596,0.1596,0
Tue,05-03-2022,0.0967,0.0967,0.0967,0.0967,0
Mon,05-02-2022,0.0207,0.0207,0.0207,0.0207,0
Fri,04-29-2022,0.0722,0.0722,0.0722,0.0722,0
Thu,04-28-2022,0.0420,0.0420,0.0420,0.0420,0
Wed,04-27-2022,0.0287,0.0287,0.0287,0.0287,0
Tue,04-26-2022,0.0229,0.0229,0.0229,0.0229,0
Mon,04-25-2022,0.0295,0.0295,0.0295,0.0295,0
Fri,04-22-2022,0.0485,0.0485,0.0485,0.0485,0
Thu,04-21-2022,0.6733,0.6733,0.6733,0.6733,0
Wed,04-20-2022,1.7731,1.7731,1.7731,1.7731,0
Tue,04-19-2022,0.3473,0.3473,0.3473,0.3473,0
Mon,04-18-2022,0.4890,0.4890,0.4890,0.4890,0
Thu,04-14-2022,0.5107,0.5107,0.5107,0.5107,0
Wed,04-13-2022,0.4564,0.4564,0.4564,0.4564,0
Tue,04-12-2022,0.3260,0.3260,0.3260,0.3260,0
Mon,04-11-2022,0.2122,0.2122,0.2122,0.2122,0
Fri,04-08-2022,0.5441,0.5441,0.5441,0.5441,0
Thu,04-07-2022,0.2605,0.2605,0.2605,0.2605,0
Wed,04-06-2022,0.2619,0.2619,0.2619,0.2619,0
Tue,04-05-2022,1.0517,1.0517,1.0517,1.0517,0
Mon,04-04-2022,2.1063,2.1063,2.1063,2.1063,0
Fri,04-01-2022,1.4605,1.4605,1.4605,1.4605,0
Thu,03-31-2022,1.6301,1.6301,1.6301,1.6301,0
Wed,03-30-2022,4.8000,4.8000,4.8000,4.8000,0
Tue,03-29-2022,1.5810,1.5810,1.5810,1.5810,0
Mon,03-28-2022,0.5395,0.5395,0.5395,0.5395,0
Fri,03-25-2022,0.9037,0.9037,0.9037,0.9037,0
Thu,03-24-2022,0.9693,0.9693,0.9693,0.9693,0
Wed,03-23-2022,1.0250,1.0250,1.0250,1.0250,0
Tue,03-22-2022,1.1081,1.1081,1.1081,1.1081,0
Mon,03-21-2022,1.9344,1.9344,1.9344,1.9344,0
Fri,03-18-2022,1.0350,1.0350,1.0350,1.0350,0
Thu,03-17-2022,0.7761,0.7761,0.7761,0.7761,0
Wed,03-16-2022,0.2528,0.2528,0.2528,0.2528,0
Tue,03-15-2022,0.0692,0.0692,0.0692,0.0692,0
Mon,03-14-2022,0.0441,0.0441,0.0441,0.0441,0
Fri,03-11-2022,0.1715,0.1715,0.1715,0.1715,0
Thu,03-10-2022,0.1825,0.1825,0.1825,0.1825,0
Wed,03-09-2022,0.1855,0.1855,0.1855,0.1855,0
Tue,03-08-2022,0.2160,0.2160,0.2160,0.2160,0
Mon,03-07-2022,0.3827,0.3827,0.3827,0.3827,0
Fri,03-04-2022,0.4981,0.4981,0.4981,0.4981,0
Thu,03-03-2022,0.8320,0.8320,0.8320,0.8320,0
Wed,03-02-2022,1.2828,1.2828,1.2828,1.2828,0
Tue,03-01-2022,0.8195,0.8195,0.8195,0.8195,0
Mon,02-28-2022,0.6538,0.6538,0.6538,0.6538,0
Fri,02-25-2022,0.6027,0.6027,0.6027,0.6027,0
Thu,02-24-2022,0.0277,0.0277,0.0277,0.0277,0
Wed,02-23-2022,0.0583,0.0583,0.0583,0.0583,0
Tue,02-22-2022,0.0890,0.0890,0.0890,0.0890,0
Fri,02-18-2022,0.1292,0.1292,0.1292,0.1292,0
Thu,02-17-2022,0.1346,0.1346,0.1346,0.1346,0
Wed,02-16-2022,0.4012,0.4012,0.4012,0.4012,0
Tue,02-15-2022,0.1878,0.1878,0.1878,0.1878,0
Mon,02-14-2022,0.0493,0.0493,0.0493,0.0493,0
Fri,02-11-2022,0.1786,0.1786,0.1786,0.1786,0
Thu,02-10-2022,0.2464,0.2464,0.2464,0.2464,0
Wed,02-09-2022,0.6148,0.6148,0.6148,0.6148,0
Tue,02-08-2022,0.2396,0.2396,0.2396,0.2396,0
Mon,02-07-2022,0.2663,0.2663,0.2663,0.2663,0
Fri,02-04-2022,0.2528,0.2528,0.2528,0.2528,0
Thu,02-03-2022,0.3733,0.3733,0.3733,0.3733,0
Wed,02-02-2022,1.3818,1.3818,1.3818,1.3818,0
Tue,02-01-2022,1.3125,1.3125,1.3125,1.3125,0
Mon,01-31-2022,0.2203,0.2203,0.2203,0.2203,0
Fri,01-28-2022,0.0184,0.0184,0.0184,0.0184,0
Thu,01-27-2022,0.0839,0.0839,0.0839,0.0839,0
Wed,01-26-2022,0.2279,0.2279,0.2279,0.2279,0
Tue,01-25-2022,0.1132,0.1132,0.1132,0.1132,0
Mon,01-24-2022,0.0088,0.0088,0.0088,0.0088,0
Fri,01-21-2022,0.0152,0.0152,0.0152,0.0152,0
Thu,01-20-2022,0.1212,0.1212,0.1212,0.1212,0
Wed,01-19-2022,0.1602,0.1602,0.1602,0.1602,0
Tue,01-18-2022,0.3244,0.3244,0.3244,0.3244,0
Fri,01-14-2022,0.5075,0.5075,0.5075,0.5075,0
Thu,01-13-2022,1.3300,1.3300,1.3300,1.3300,0
Wed,01-12-2022,2.0000,2.0000,2.0000,2.0000,0
Tue,01-11-2022,1.6842,1.6842,1.6842,1.6842,0
Mon,01-10-2022,0.4634,0.4634,0.4634,0.4634,0
Fri,01-07-2022,0.9619,0.9619,0.9619,0.9619,0
Thu,01-06-2022,0.3459,0.3459,0.3459,0.3459,0
Wed,01-05-2022,1.1186,1.1186,1.1186,1.1186,0
Tue,01-04-2022,2.6938,2.6938,2.6938,2.6938,0
Mon,01-03-2022,3.3103,3.3103,3.3103,3.3103,0
Fri,12-31-2021,3.1190,3.1190,3.1190,3.1190,0
Thu,12-30-2021,2.9818,2.9818,2.9818,2.9818,0
Wed,12-29-2021,1.7640,1.7640,1.7640,1.7640,0
Tue,12-28-2021,2.6935,2.6935,2.6935,2.6935,0
Mon,12-27-2021,3.1162,3.1162,3.1162,3.1162,0
Thu,12-23-2021,3.6428,3.6428,3.6428,3.6428,0
Wed,12-22-2021,1.0535,1.0535,1.0535,1.0535,0
Tue,12-21-2021,0.7049,0.7049,0.7049,0.7049,0
Mon,12-20-2021,0.0539,0.0539,0.0539,0.0539,0
Fri,12-17-2021,0.2530,0.2530,0.2530,0.2530,0
Thu,12-16-2021,1.1340,1.1340,1.1340,1.1340,0
Wed,12-15-2021,0.3000,0.3000,0.3000,0.3000,0
Tue,12-14-2021,0.2045,0.2045,0.2045,0.2045,0
Mon,12-13-2021,0.7416,0.7416,0.7416,0.7416,0
Fri,12-10-2021,0.7671,0.7671,0.7671,0.7671,0
Thu,12-09-2021,0.9245,0.9245,0.9245,0.9245,0
Wed,12-08-2021,4.3157,4.3157,4.3157,4.3157,0
Tue,12-07-2021,3.9130,3.9130,3.9130,3.9130,0
Mon,12-06-2021,0.3868,0.3868,0.3868,0.3868,0
Fri,12-03-2021,0.1346,0.1346,0.1346,0.1346,0
Thu,12-02-2021,0.0904,0.0904,0.0904,0.0904,0
Wed,12-01-2021,0.1476,0.1476,0.1476,0.1476,0
Tue,11-30-2021,0.0928,0.0928,0.0928,0.0928,0
Mon,11-29-2021,0.2800,0.2800,0.2800,0.2800,0
Fri,11-26-2021,0.0990,0.0990,0.0990,0.0990,0
Wed,11-24-2021,0.8390,0.8390,0.8390,0.8390,0
Tue,11-23-2021,0.3559,0.3559,0.3559,0.3559,0
Mon,11-22-2021,1.0465,1.0465,1.0465,1.0465,0
Fri,11-19-2021,0.8303,0.8303,0.8303,0.8303,0
Thu,11-18-2021,1.0925,1.0925,1.0925,1.0925,0
Wed,11-17-2021,1.2926,1.2926,1.2926,1.2926,0
Tue,11-16-2021,3.0714,3.0714,3.0714,3.0714,0
Mon,11-15-2021,3.7500,3.7500,3.7500,3.7500,0
Fri,11-12-2021,3.4878,3.4878,3.4878,3.4878,0
Thu,11-11-2021,2.0196,2.0196,2.0196,2.0196,0
Wed,11-10-2021,3.7631,3.7631,3.7631,3.7631,0
Tue,11-09-2021,5.8275,5.8275,5.8275,5.8275,0
Mon,11-08-2021,17.667,17.667,17.667,17.667,0
Fri,11-05-2021,12.083,12.083,12.083,12.083,0
Thu,11-04-2021,8.7931,8.7931,8.7931,8.7931,0
Wed,11-03-2021,12.048,12.048,12.048,12.048,0
Tue,11-02-2021,5.8787,5.8787,5.8787,5.8787,0
Mon,11-01-2021,10.450,10.450,10.450,10.450,0
Fri,10-29-2021,3.3695,3.3695,3.3695,3.3695,0
Thu,10-28-2021,3.0888,3.0888,3.0888,3.0888,0
Wed,10-27-2021,1.8775,1.8775,1.8775,1.8775,0
Tue,10-26-2021,7.7692,7.7692,7.7692,7.7692,0
Mon,10-25-2021,8.4800,8.4800,8.4800,8.4800,0
Fri,10-22-2021,9.4090,9.4090,9.4090,9.4090,0
Thu,10-21-2021,12.071,12.071,12.071,12.071,0
Wed,10-20-2021,10.882,10.882,10.882,10.882,0
Tue,10-19-2021,5.0000,5.0000,5.0000,5.0000,0
Mon,10-18-2021,3.0000,3.0000,3.0000,3.0000,0
Fri,10-15-2021,6.8333,6.8333,6.8333,6.8333,0
Thu,10-14-2021,6.7826,6.7826,6.7826,6.7826,0
Wed,10-13-2021,2.0285,2.0285,2.0285,2.0285,0
Tue,10-12-2021,1.4333,1.4333,1.4333,1.4333,0
Mon,10-11-2021,2.8333,2.8333,2.8333,2.8333,0
Fri,10-08-2021,2.4038,2.4038,2.4038,2.4038,0
Thu,10-07-2021,2.0983,2.0983,2.0983,2.0983,0
Wed,10-06-2021,0.3578,0.3578,0.3578,0.3578,0
Tue,10-05-2021,1.6825,1.6825,1.6825,1.6825,0
Mon,10-04-2021,1.2083,1.2083,1.2083,1.2083,0
Fri,10-01-2021,1.1518,1.1518,1.1518,1.1518,0
Thu,09-30-2021,0.6463,0.6463,0.6463,0.6463,0
Wed,09-29-2021,0.8382,0.8382,0.8382,0.8382,0
Tue,09-28-2021,1.0000,1.0000,1.0000,1.0000,0
Mon,09-27-2021,2.5106,2.5106,2.5106,2.5106,0
Fri,09-24-2021,1.7727,1.7727,1.7727,1.7727,0
Thu,09-23-2021,3.0909,3.0909,3.0909,3.0909,0
Wed,09-22-2021,2.7200,2.7200,2.7200,2.7200,0
Tue,09-21-2021,0.8260,0.8260,0.8260,0.8260,0
Mon,09-20-2021,0.1704,0.1704,0.1704,0.1704,0
Fri,09-17-2021,2.5666,2.5666,2.5666,2.5666,0
Thu,09-16-2021,1.9574,1.9574,1.9574,1.9574,0
Wed,09-15-2021,1.5416,1.5416,1.5416,1.5416,0
Tue,09-14-2021,1.1964,1.1964,1.1964,1.1964,0
Mon,09-13-2021,2.4444,2.4444,2.4444,2.4444,0
Fri,09-10-2021,3.6666,3.6666,3.6666,3.6666,0
Thu,09-09-2021,3.2000,3.2000,3.2000,3.2000,0
Wed,09-08-2021,2.6216,2.6216,2.6216,2.6216,0
Tue,09-07-2021,3.7647,3.7647,3.7647,3.7647,0
Fri,09-03-2021,8.7727,8.7727,8.7727,8.7727,0
Thu,09-02-2021,13.944,13.944,13.944,13.944,0
Wed,09-01-2021,9.7894,9.7894,9.7894,9.7894,0
Tue,08-31-2021,4.4545,4.4545,4.4545,4.4545,0
Mon,08-30-2021,6.2580,6.2580,6.2580,6.2580,0
Fri,08-27-2021,5.1562,5.1562,5.1562,5.1562,0
Thu,08-26-2021,1.9761,1.9761,1.9761,1.9761,0
Wed,08-25-2021,3.9166,3.9166,3.9166,3.9166,0
Tue,08-24-2021,2.2799,2.2799,2.2799,2.2799,0
Mon,08-23-2021,1.5600,1.5600,1.5600,1.5600,0
Fri,08-20-2021,0.8229,0.8229,0.8229,0.8229,0
Thu,08-19-2021,0.3983,0.3983,0.3983,0.3983,0
Wed,08-18-2021,1.0277,1.0277,1.0277,1.0277,0
Tue,08-17-2021,0.8700,0.8700,0.8700,0.8700,0
Mon,08-16-2021,1.8375,1.8375,1.8375,1.8375,0
Fri,08-13-2021,3.8409,3.8409,3.8409,3.8409,0
Thu,08-12-2021,3.7674,3.7674,3.7674,3.7674,0
Wed,08-11-2021,5.2941,5.2941,5.2941,5.2941,0
Tue,08-10-2021,3.3333,3.3333,3.3333,3.3333,0
Mon,08-09-2021,3.7931,3.7931,3.7931,3.7931,0
Fri,08-06-2021,5.2285,5.2285,5.2285,5.2285,0
Thu,08-05-2021,3.5094,3.5094,3.5094,3.5094,0
Wed,08-04-2021,3.9756,3.9756,3.9756,3.9756,0
Tue,08-03-2021,5.0000,5.0000,5.0000,5.0000,0
Mon,08-02-2021,7.7407,7.7407,7.7407,7.7407,0
Fri,07-30-2021,5.4444,5.4444,5.4444,5.4444,0
Thu,07-29-2021,8.6250,8.6250,8.6250,8.6250,0
Wed,07-28-2021,4.0714,4.0714,4.0714,4.0714,0
Tue,07-27-2021,1.5076,1.5076,1.5076,1.5076,0
Mon,07-26-2021,1.8358,1.8358,1.8358,1.8358,0
Fri,07-23-2021,2.9400,2.9400,2.9400,2.9400,0
Thu,07-22-2021,3.5000,3.5000,3.5000,3.5000,0
Wed,07-21-2021,6.2777,6.2777,6.2777,6.2777,0
Tue,07-20-2021,3.2000,3.2000,3.2000,3.2000,0
Mon,07-19-2021,0.2083,0.2083,0.2083,0.2083,0
Fri,07-16-2021,2.6585,2.6585,2.6585,2.6585,0
Thu,07-15-2021,2.2307,2.2307,2.2307,2.2307,0
Wed,07-14-2021,3.1666,3.1666,3.1666,3.1666,0
Tue,07-13-2021,7.3684,7.3684,7.3684,7.3684,0
Mon,07-12-2021,14.929,14.929,14.929,14.929,0
Fri,07-09-2021,15.200,15.200,15.200,15.200,0
Thu,07-08-2021,1.5079,1.5079,1.5079,1.5079,0
Wed,07-07-2021,5.5526,5.5526,5.5526,5.5526,0
Tue,07-06-2021,7.1538,7.1538,7.1538,7.1538,0
Fri,07-02-2021,12.688,12.688,12.688,12.688,0
Thu,07-01-2021,21.900,21.900,21.900,21.900,0
Wed,06-30-2021,17.083,17.083,17.083,17.083,0
Tue,06-29-2021,24.667,24.667,24.667,24.667,0
Mon,06-28-2021,8.8235,8.8235,8.8235,8.8235,0
Fri,06-25-2021,35.500,35.500,35.500,35.500,0
Thu,06-24-2021,28.428,28.428,28.428,28.428,0
Wed,06-23-2021,17.700,17.700,17.700,17.700,0
Tue,06-22-2021,7.8333,7.8333,7.8333,7.8333,0
Mon,06-21-2021,4.1923,4.1923,4.1923,4.1923,0
Fri,06-18-2021,2.5862,2.5862,2.5862,2.5862,0
Thu,06-17-2021,5.8750,5.8750,5.8750,5.8750,0
Wed,06-16-2021,8.4090,8.4090,8.4090,8.4090,0
Tue,06-15-2021,13.071,13.071,13.071,13.071,0
Mon,06-14-2021,22.667,22.667,22.667,22.667,0
Fri,06-11-2021,20.833,20.833,20.833,20.833,0
Thu,06-10-2021,41.500,41.500,41.500,41.500,0
Wed,06-09-2021,74.600,74.600,74.600,74.600,0
Tue,06-08-2021,39.800,39.800,39.800,39.800,0
Mon,06-07-2021,38.400,38.400,38.400,38.400,0
Fri,06-04-2021,44.286,44.286,44.286,44.286,0
Thu,06-03-2021,11.941,11.941,11.941,11.941,0
Wed,06-02-2021,48.250,48.250,48.250,48.250,0
Tue,06-01-2021,19.478,19.478,19.478,19.478,0
Fri,05-28-2021,13.235,13.235,13.235,13.235,0
Thu,05-27-2021,9.2000,9.2000,9.2000,9.2000,0
Wed,05-26-2021,6.4166,6.4166,6.4166,6.4166,0
Tue,05-25-2021,7.3846,7.3846,7.3846,7.3846,0
Mon,05-24-2021,7.7692,7.7692,7.7692,7.7692,0
Fri,05-21-2021,10.529,10.529,10.529,10.529,0
Thu,05-20-2021,5.2857,5.2857,5.2857,5.2857,0
Wed,05-19-2021,1.5151,1.5151,1.5151,1.5151,0
Tue,05-18-2021,9.5000,9.5000,9.5000,9.5000,0
Mon,05-17-2021,4.3658,4.3658,4.3658,4.3658,0
Fri,05-14-2021,3.7500,3.7500,3.7500,3.7500,0
Thu,05-13-2021,0.5000,0.5000,0.5000,0.5000,0
Wed,05-12-2021,1.2931,1.2931,1.2931,1.2931,0
Tue,05-11-2021,0.7894,0.7894,0.7894,0.7894,0
Mon,05-10-2021,13.712,13.712,13.712,13.712,0
Fri,05-07-2021,24.000,24.000,24.000,24.000,0
Thu,05-06-2021,10.540,10.540,10.540,10.540,0
Wed,05-05-2021,20.550,20.550,20.550,20.550,0
Tue,05-04-2021,10.250,10.250,10.250,10.250,0
Mon,05-03-2021,20.778,20.778,20.778,20.778,0
Fri,04-30-2021,8.1153,8.1153,8.1153,8.1153,0
Thu,04-29-2021,26.118,26.118,26.118,26.118,0
Wed,04-28-2021,15.550,15.550,15.550,15.550,0
Tue,04-27-2021,20.583,20.583,20.583,20.583,0
Mon,04-26-2021,24.688,24.688,24.688,24.688,0
Fri,04-23-2021,22.071,22.071,22.071,22.071,0
Thu,04-22-2021,17.643,17.643,17.643,17.643,0
Wed,04-21-2021,5.5609,5.5609,5.5609,5.5609,0
Tue,04-20-2021,4.0227,4.0227,4.0227,4.0227,0
Mon,04-19-2021,7.3750,7.3750,7.3750,7.3750,0
Fri,04-16-2021,20.619,20.619,20.619,20.619,0
Thu,04-15-2021,12.720,12.720,12.720,12.720,0
Wed,04-14-2021,15.368,15.368,15.368,15.368,0
Tue,04-13-2021,14.938,14.938,14.938,14.938,0
Mon,04-12-2021,17.941,17.941,17.941,17.941,0
Fri,04-09-2021,17.800,17.800,17.800,17.800,0
Thu,04-08-2021,27.222,27.222,27.222,27.222,0
Wed,04-07-2021,22.300,22.300,22.300,22.300,0
Tue,04-06-2021,40.714,40.714,40.714,40.714,0
Mon,04-05-2021,21.200,21.200,21.200,21.200,0
Thu,04-01-2021,17.364,17.364,17.364,17.364,0
Wed,03-31-2021,12.533,12.533,12.533,12.533,0
Tue,03-30-2021,3.2162,3.2162,3.2162,3.2162,0
Mon,03-29-2021,10.700,10.700,10.700,10.700,0
Fri,03-26-2021,7.6666,7.6666,7.6666,7.6666,0
Thu,03-25-2021,0.3043,0.3043,0.3043,0.3043,0
Wed,03-24-2021,0.5426,0.5426,0.5426,0.5426,0
Tue,03-23-2021,0.5660,0.5660,0.5660,0.5660,0
Mon,03-22-2021,3.9666,3.9666,3.9666,3.9666,0
Fri,03-19-2021,2.7631,2.7631,2.7631,2.7631,0
Thu,03-18-2021,9.9411,9.9411,9.9411,9.9411,0
Wed,03-17-2021,8.6923,8.6923,8.6923,8.6923,0
Tue,03-16-2021,15.133,15.133,15.133,15.133,0
Mon,03-15-2021,30.800,30.800,30.800,30.800,0
Fri,03-12-2021,37.308,37.308,37.308,37.308,0
Thu,03-11-2021,73.000,73.000,73.000,73.000,0
Wed,03-10-2021,28.000,28.000,28.000,28.000,0
Tue,03-09-2021,30.889,30.889,30.889,30.889,0
Mon,03-08-2021,30.733,30.733,30.733,30.733,0
Fri,03-05-2021,2.3118,2.3118,2.3118,2.3118,0
Thu,03-04-2021,1.0389,1.0389,1.0389,1.0389,0
Wed,03-03-2021,3.9428,3.9428,3.9428,3.9428,0
Tue,03-02-2021,1.6966,1.6966,1.6966,1.6966,0
Mon,03-01-2021,8.7200,8.7200,8.7200,8.7200,0
Fri,02-26-2021,0.8769,0.8769,0.8769,0.8769,0
Thu,02-25-2021,4.7704,4.7704,4.7704,4.7704,0
Wed,02-24-2021,18.762,18.762,18.762,18.762,0
Tue,02-23-2021,4.7674,4.7674,4.7674,4.7674,0
Mon,02-22-2021,22.133,22.133,22.133,22.133,0
Fri,02-19-2021,28.875,28.875,28.875,28.875,0
Thu,02-18-2021,9.1818,9.1818,9.1818,9.1818,0
Wed,02-17-2021,16.400,16.400,16.400,16.400,0
Tue,02-16-2021,42.444,42.444,42.444,42.444,0
Fri,02-12-2021,48.800,48.800,48.800,48.800,0
Thu,02-11-2021,30.250,30.250,30.250,30.250,0
Wed,02-10-2021,57.167,57.167,57.167,57.167,0
Tue,02-09-2021,166.00,166.00,166.00,166.00,0
Mon,02-08-2021,157.50,157.50,157.50,157.50,0
Fri,02-05-2021,143.00,143.00,143.00,143.00,0
Thu,02-04-2021,69.000,69.000,69.000,69.000,0
Wed,02-03-2021,138.00,138.00,138.00,138.00,0
Tue,02-02-2021,132.00,132.00,132.00,132.00,0
Mon,02-01-2021,44.500,44.500,44.500,44.500,0
Fri,01-29-2021,10.800,10.800,10.800,10.800,0
Thu,01-28-2021,6.8888,6.8888,6.8888,6.8888,0
Wed,01-27-2021,3.5757,3.5757,3.5757,3.5757,0
Tue,01-26-2021,49.000,49.000,49.000,49.000,0
Mon,01-25-2021,143.50,143.50,143.50,143.50,0
Fri,01-22-2021,81.500,81.500,81.500,81.500,0
Thu,01-21-2021,212.00,212.00,212.00,212.00,0
Wed,01-20-2021,231.00,231.00,231.00,231.00,0
Tue,01-19-2021,67.667,67.667,67.667,67.667,0
Fri,01-15-2021,26.750,26.750,26.750,26.750,0
Thu,01-14-2021,116.67,116.67,116.67,116.67,0
Wed,01-13-2021,139.00,139.00,139.00,139.00,0
Tue,01-12-2021,32.182,32.182,32.182,32.182,0
Mon,01-11-2021,36.600,36.600,36.600,36.600,0
Fri,01-08-2021,322.00,322.00,322.00,322.00,0
Thu,01-07-2021,75.000,75.000,75.000,75.000,0
Wed,01-06-2021,62.333,62.333,62.333,62.333,0
Tue,01-05-2021,28.500,28.500,28.500,28.500,0
Mon,01-04-2021,33.400,33.400,33.400,33.400,0
Thu,12-31-2020,30.600,30.600,30.600,30.600,0
Wed,12-30-2020,66.500,66.500,66.500,66.500,0
Tue,12-29-2020,21.400,21.400,21.400,21.400,0
Mon,12-28-2020,50.000,50.000,50.000,50.000,0
Thu,12-24-2020,95.500,95.500,95.500,95.500,0
Wed,12-23-2020,70.000,70.000,70.000,70.000,0
Tue,12-22-2020,74.000,74.000,74.000,74.000,0
Mon,12-21-2020,29.500,29.500,29.500,29.500,0
Fri,12-18-2020,67.500,67.500,67.500,67.500,0
Thu,12-17-2020,41.000,41.000,41.000,41.000,0
Wed,12-16-2020,23.500,23.500,23.500,23.500,0
Tue,12-15-2020,31.200,31.200,31.200,31.200,0
Mon,12-14-2020,110.50,110.50,110.50,110.50,0
Fri,12-11-2020,100.50,100.50,100.50,100.50,0
Thu,12-10-2020,59.333,59.333,59.333,59.333,0
Wed,12-09-2020,167.50,167.50,167.50,167.50,0
Tue,12-08-2020,83.000,83.000,83.000,83.000,0
Mon,12-07-2020,143.00,143.00,143.00,143.00,0
Fri,12-04-2020,69.750,69.750,69.750,69.750,0
Thu,12-03-2020,90.500,90.500,90.500,90.500,0
Wed,12-02-2020,21.000,21.000,21.000,21.000,0
Tue,12-01-2020,54.000,54.000,54.000,54.000,0
Mon,11-30-2020,42.500,42.500,42.500,42.500,0
Fri,11-27-2020,191.00,191.00,191.00,191.00,0
Wed,11-25-2020,141.00,141.00,141.00,141.00,0
Tue,11-24-2020,71.500,71.500,71.500,71.500,0
Mon,11-23-2020,67.333,67.333,67.333,67.333,0
Fri,11-20-2020,19.200,19.200,19.200,19.200,0
Thu,11-19-2020,12.833,12.833,12.833,12.833,0
Wed,11-18-2020,54.000,54.000,54.000,54.000,0
Tue,11-17-2020,136.00,136.00,136.00,136.00,0
Mon,11-16-2020,66.000,66.000,66.000,66.000,0
Fri,11-13-2020,12.200,12.200,12.200,12.200,0
Thu,11-12-2020,4.7142,4.7142,4.7142,4.7142,0
Wed,11-11-2020,6.7142,6.7142,6.7142,6.7142,0
Tue,11-10-2020,6.8000,6.8000,6.8000,6.8000,0
Mon,11-09-2020,28.750,28.750,28.750,28.750,0
Fri,11-06-2020,6.0909,6.0909,6.0909,6.0909,0
Thu,11-05-2020,9.4117,9.4117,9.4117,9.4117,0
Wed,11-04-2020,6.5714,6.5714,6.5714,6.5714,0
Tue,11-03-2020,4.7692,4.7692,4.7692,4.7692,0
Mon,11-02-2020,1.1034,1.1034,1.1034,1.1034,0
Fri,10-30-2020,0.2968,0.2968,0.2968,0.2968,0
Thu,10-29-2020,0.2298,0.2298,0.2298,0.2298,0
Wed,10-28-2020,0.1428,0.1428,0.1428,0.1428,0
Tue,10-27-2020,0.9117,0.9117,0.9117,0.9117,0
Mon,10-26-2020,0.3111,0.3111,0.3111,0.3111,0
Fri,10-23-2020,3.3333,3.3333,3.3333,3.3333,0
Thu,10-22-2020,1.8846,1.8846,1.8846,1.8846,0
Wed,10-21-2020,2.3846,2.3846,2.3846,2.3846,0
Tue,10-20-2020,5.9166,5.9166,5.9166,5.9166,0
Mon,10-19-2020,4.0952,4.0952,4.0952,4.0952,0
Fri,10-16-2020,13.556,13.556,13.556,13.556,0
Thu,10-15-2020,3.6500,3.6500,3.6500,3.6500,0
Wed,10-14-2020,4.6315,4.6315,4.6315,4.6315,0
Tue,10-13-2020,5.8823,5.8823,5.8823,5.8823,0
Mon,10-12-2020,13.571,13.571,13.571,13.571,0
Fri,10-09-2020,10.470,10.470,10.470,10.470,0
Thu,10-08-2020,11.571,11.571,11.571,11.571,0
Wed,10-07-2020,5.9565,5.9565,5.9565,5.9565,0
Tue,10-06-2020,8.2222,8.2222,8.2222,8.2222,0
Mon,10-05-2020,5.4090,5.4090,5.4090,5.4090,0
Fri,10-02-2020,1.8108,1.8108,1.8108,1.8108,0
Thu,10-01-2020,3.5454,3.5454,3.5454,3.5454,0
Wed,09-30-2020,5.0000,5.0000,5.0000,5.0000,0
Tue,09-29-2020,5.0909,5.0909,5.0909,5.0909,0
Mon,09-28-2020,4.9000,4.9000,4.9000,4.9000,0
Fri,09-25-2020,0.6400,0.6400,0.6400,0.6400,0
Thu,09-24-2020,0.1250,0.1250,0.1250,0.1250,0
Wed,09-23-2020,0.5185,0.5185,0.5185,0.5185,0
Tue,09-22-2020,1.1538,1.1538,1.1538,1.1538,0
Mon,09-21-2020,0.4523,0.4523,0.4523,0.4523,0
Fri,09-18-2020,3.0000,3.0000,3.0000,3.0000,0
Thu,09-17-2020,4.1818,4.1818,4.1818,4.1818,0
Wed,09-16-2020,12.714,12.714,12.714,12.714,0
Tue,09-15-2020,10.000,10.000,10.000,10.000,0
Mon,09-14-2020,5.0000,5.0000,5.0000,5.0000,0
Fri,09-11-2020,1.3333,1.3333,1.3333,1.3333,0
Thu,09-10-2020,2.5909,2.5909,2.5909,2.5909,0
Wed,09-09-2020,2.3125,2.3125,2.3125,2.3125,0
Tue,09-08-2020,1.0416,1.0416,1.0416,1.0416,0
Fri,09-04-2020,1.5500,1.5500,1.5500,1.5500,0
Thu,09-03-2020,3.1428,3.1428,3.1428,3.1428,0
Wed,09-02-2020,13.750,13.750,13.750,13.750,0
Tue,09-01-2020,7.0000,7.0000,7.0000,7.0000,0
Mon,08-31-2020,8.5555,8.5555,8.5555,8.5555,0
Fri,08-28-2020,5.8333,5.8333,5.8333,5.8333,0
Thu,08-27-2020,8.4166,8.4166,8.4166,8.4166,0
Wed,08-26-2020,8.0909,8.0909,8.0909,8.0909,0
Tue,08-25-2020,7.2727,7.2727,7.2727,7.2727,0
Mon,08-24-2020,9.7000,9.7000,9.7000,9.7000,0
Fri,08-21-2020,2.2413,2.2413,2.2413,2.2413,0
Thu,08-20-2020,2.7000,2.7000,2.7000,2.7000,0
Wed,08-19-2020,4.1904,4.1904,4.1904,4.1904,0
Tue,08-18-2020,9.0909,9.0909,9.0909,9.0909,0
Mon,08-17-2020,8.2727,8.2727,8.2727,8.2727,0
Fri,08-14-2020,6.2857,6.2857,6.2857,6.2857,0
Thu,08-13-2020,19.667,19.667,19.667,19.667,0
Wed,08-12-2020,88.000,88.000,88.000,88.000,0
Tue,08-11-2020,39.333,39.333,39.333,39.333,0
Mon,08-10-2020,24.600,24.600,24.600,24.600,0
Fri,08-07-2020,12.250,12.250,12.250,12.250,0
Thu,08-06-2020,18.833,18.833,18.833,18.833,0
Wed,08-05-2020,37.500,37.500,37.500,37.500,0
Tue,08-04-2020,10.100,10.100,10.100,10.100,0
Mon,08-03-2020,7.2222,7.2222,7.2222,7.2222,0
Fri,07-31-2020,4.3684,4.3684,4.3684,4.3684,0
Thu,07-30-2020,6.3846,6.3846,6.3846,6.3846,0
Wed,07-29-2020,9.4615,9.4615,9.4615,9.4615,0
Tue,07-28-2020,10.000,10.000,10.000,10.000,0
Mon,07-27-2020,14.000,14.000,14.000,14.000,0
Fri,07-24-2020,9.0000,9.0000,9.0000,9.0000,0
Thu,07-23-2020,13.889,13.889,13.889,13.889,0
Wed,07-22-2020,22.800,22.800,22.800,22.800,0
Tue,07-21-2020,47.000,47.000,47.000,47.000,0
Mon,07-20-2020,11.300,11.300,11.300,11.300,0
Fri,07-17-2020,81.000,81.000,81.000,81.000,0
Thu,07-16-2020,9.6666,9.6666,9.6666,9.6666,0
Wed,07-15-2020,24.750,24.750,24.750,24.750,0
Tue,07-14-2020,2.2500,2.2500,2.2500,2.2500,0
Mon,07-13-2020,19.833,19.833,19.833,19.833,0
Fri,07-10-2020,9.2500,9.2500,9.2500,9.2500,0
Thu,07-09-2020,5.3125,5.3125,5.3125,5.3125,0
Wed,07-08-2020,7.1818,7.1818,7.1818,7.1818,0
Tue,07-07-2020,11.000,11.000,11.000,11.000,0
Mon,07-06-2020,32.000,32.000,32.000,32.000,0
Thu,07-02-2020,30.333,30.333,30.333,30.333,0
Wed,07-01-2020,25.000,25.000,25.000,25.000,0
Tue,06-30-2020,9.6666,9.6666,9.6666,9.6666,0
Mon,06-29-2020,23.000,23.000,23.000,23.000,0
Fri,06-26-2020,2.6923,2.6923,2.6923,2.6923,0
Thu,06-25-2020,1.5625,1.5625,1.5625,1.5625,0
Wed,06-24-2020,1.2500,1.2500,1.2500,1.2500,0
Tue,06-23-2020,21.000,21.000,21.000,21.000,0
Mon,06-22-2020,10.667,10.667,10.667,10.667,0
Fri,06-19-2020,11.333,11.333,11.333,11.333,0
Thu,06-18-2020,9.5000,9.5000,9.5000,9.5000,0
Wed,06-17-2020,57.000,57.000,57.000,57.000,0
Tue,06-16-2020,44.000,44.000,44.000,44.000,0
Mon,06-15-2020,4.5000,4.5000,4.5000,4.5000,0
Fri,06-12-2020,6.0000,6.0000,6.0000,6.0000,0
Thu,06-11-2020,2.0000,2.0000,2.0000,2.0000,0
Wed,06-10-2020,40.000,40.000,40.000,40.000,0
Tue,06-09-2020,12.000,12.000,12.000,12.000,0
Mon,06-08-2020,14.250,14.250,14.250,14.250,0
Fri,06-05-2020,64.000,64.000,64.000,64.000,0
Thu,06-04-2020,13.667,13.667,13.667,13.667,0
Wed,06-03-2020,35.500,35.500,35.500,35.500,0
Tue,06-02-2020,14.000,14.000,14.000,14.000,0
Mon,06-01-2020,10.000,10.000,10.000,10.000,0
Fri,05-29-2020,2.0769,2.0769,2.0769,2.0769,0
Thu,05-28-2020,37.000,37.000,37.000,37.000,0
Wed,05-27-2020,3.0000,3.0000,3.0000,3.0000,0
Tue,05-26-2020,14.000,14.000,14.000,14.000,0
Fri,05-22-2020,3.7142,3.7142,3.7142,3.7142,0
Thu,05-21-2020,5.0000,5.0000,5.0000,5.0000,0
Wed,05-20-2020,4.8571,4.8571,4.8571,4.8571,0
Tue,05-19-2020,3.1111,3.1111,3.1111,3.1111,0
Mon,05-18-2020,5.6250,5.6250,5.6250,5.6250,0
Fri,05-15-2020,1.7058,1.7058,1.7058,1.7058,0
Thu,05-14-2020,0.1442,0.1442,0.1442,0.1442,0
Wed,05-13-2020,0.2222,0.2222,0.2222,0.2222,0
Tue,05-12-2020,1.4400,1.4400,1.4400,1.4400,0
Mon,05-11-2020,2.4285,2.4285,2.4285,2.4285,0
Fri,05-08-2020,5.1666,5.1666,5.1666,5.1666,0
Thu,05-07-2020,1.8000,1.8000,1.8000,1.8000,0
Wed,05-06-2020,1.2631,1.2631,1.2631,1.2631,0
Tue,05-05-2020,3.2857,3.2857,3.2857,3.2857,0
Mon,05-04-2020,0.5000,0.5000,0.5000,0.5000,0
Fri,05-01-2020,1.0000,1.0000,1.0000,1.0000,0
Thu,04-30-2020,8.5000,8.5000,8.5000,8.5000,0
Wed,04-29-2020,6.0000,6.0000,6.0000,6.0000,0
Tue,04-28-2020,7.7500,7.7500,7.7500,7.7500,0
Mon,04-27-2020,3.4444,3.4444,3.4444,3.4444,0
Fri,04-24-2020,0.6086,0.6086,0.6086,0.6086,0
Thu,04-23-2020,1.1666,1.1666,1.1666,1.1666,0
Wed,04-22-2020,0.7272,0.7272,0.7272,0.7272,0
Tue,04-21-2020,0.2580,0.2580,0.2580,0.2580,0
Mon,04-20-2020,1.3571,1.3571,1.3571,1.3571,0
Fri,04-17-2020,1.9000,1.9000,1.9000,1.9000,0
Thu,04-16-2020,0.6250,0.6250,0.6250,0.6250,0
Wed,04-15-2020,0.4545,0.4545,0.4545,0.4545,0
Tue,04-14-2020,3.5000,3.5000,3.5000,3.5000,0
Mon,04-13-2020,1.2222,1.2222,1.2222,1.2222,0
Thu,04-09-2020,6.0000,6.0000,6.0000,6.0000,0
Wed,04-08-2020,1.1666,1.1666,1.1666,1.1666,0
Tue,04-07-2020,0.4375,0.4375,0.4375,0.4375,0
Mon,04-06-2020,0.3000,0.3000,0.3000,0.3000,0
Fri,04-03-2020,0.0111,0.0111,0.0111,0.0111,0
Thu,04-02-2020,0.0170,0.0170,0.0170,0.0170,0
Wed,04-01-2020,0.0258,0.0258,0.0258,0.0258,0
Tue,03-31-2020,0.1724,0.1724,0.1724,0.1724,0
Mon,03-30-2020,0.0847,0.0847,0.0847,0.0847,0
Fri,03-27-2020,0.0697,0.0697,0.0697,0.0697,0
Thu,03-26-2020,0.1904,0.1904,0.1904,0.1904,0
Wed,03-25-2020,0.0555,0.0555,0.0555,0.0555,0
Tue,03-24-2020,0.0114,0.0114,0.0114,0.0114,0
Mon,03-23-2020,0.0024,0.0024,0.0024,0.0024,0
Fri,03-20-2020,0.0033,0.0033,0.0033,0.0033,0
Thu,03-19-2020,0.0047,0.0047,0.0047,0.0047,0
Wed,03-18-2020,0.0062,0.0062,0.0062,0.0062,0
Tue,03-17-2020,0.0060,0.0060,0.0060,0.0060,0
Mon,03-16-2020,0.0014,0.0014,0.0014,0.0014,0
Fri,03-13-2020,0.0046,0.0046,0.0046,0.0046,0
Thu,03-12-2020,0.0008,0.0008,0.0008,0.0008,0
Wed,03-11-2020,0.0053,0.0053,0.0053,0.0053,0
Tue,03-10-2020,0.0188,0.0188,0.0188,0.0188,0
Mon,03-09-2020,0.0092,0.0092,0.0092,0.0092,0
Fri,03-06-2020,0.0392,0.0392,0.0392,0.0392,0
Thu,03-05-2020,0.0976,0.0976,0.0976,0.0976,0
Wed,03-04-2020,0.3059,0.3059,0.3059,0.3059,0
Tue,03-03-2020,0.1578,0.1578,0.1578,0.1578,0
Mon,03-02-2020,0.0914,0.0914,0.0914,0.0914,0
Fri,02-28-2020,0.0085,0.0085,0.0085,0.0085,0
Thu,02-27-2020,0.0316,0.0316,0.0316,0.0316,0
Wed,02-26-2020,0.0795,0.0795,0.0795,0.0795,0
Tue,02-25-2020,0.1416,0.1416,0.1416,0.1416,0
Mon,02-24-2020,0.3510,0.3510,0.3510,0.3510,0
Fri,02-21-2020,2.0229,2.0229,2.0229,2.0229,0
Thu,02-20-2020,3.8688,3.8688,3.8688,3.8688,0
Wed,02-19-2020,4.2711,4.2711,4.2711,4.2711,0
Tue,02-18-2020,3.2133,3.2133,3.2133,3.2133,0
Fri,02-14-2020,4.6315,4.6315,4.6315,4.6315,0
Thu,02-13-2020,4.7826,4.7826,4.7826,4.7826,0
Wed,02-12-2020,7.7142,7.7142,7.7142,7.7142,0
Tue,02-11-2020,7.6666,7.6666,7.6666,7.6666,0
Mon,02-10-2020,2.8837,2.8837,2.8837,2.8837,0
Fri,02-07-2020,3.7656,3.7656,3.7656,3.7656,0
Thu,02-06-2020,8.1562,8.1562,8.1562,8.1562,0
Wed,02-05-2020,15.625,15.625,15.625,15.625,0
Tue,02-04-2020,5.1956,5.1956,5.1956,5.1956,0
Mon,02-03-2020,1.6588,1.6588,1.6588,1.6588,0
Fri,01-31-2020,1.3947,1.3947,1.3947,1.3947,0
Thu,01-30-2020,1.6126,1.6126,1.6126,1.6126,0
Wed,01-29-2020,3.4237,3.4237,3.4237,3.4237,0
Tue,01-28-2020,2.5263,2.5263,2.5263,2.5263,0
Mon,01-27-2020,1.0882,1.0882,1.0882,1.0882,0
Fri,01-24-2020,3.7619,3.7619,3.7619,3.7619,0
Thu,01-23-2020,4.4888,4.4888,4.4888,4.4888,0
Wed,01-22-2020,10.655,10.655,10.655,10.655,0
Tue,01-21-2020,9.5925,9.5925,9.5925,9.5925,0
Fri,01-17-2020,48.429,48.429,48.429,48.429,0
Thu,01-16-2020,49.667,49.667,49.667,49.667,0
Wed,01-15-2020,38.714,38.714,38.714,38.714,0
Tue,01-14-2020,28.750,28.750,28.750,28.750,0
Mon,01-13-2020,10.565,10.565,10.565,10.565,0
Fri,01-10-2020,10.900,10.900,10.900,10.900,0
Thu,01-09-2020,18.538,18.538,18.538,18.538,0
Wed,01-08-2020,19.364,19.364,19.364,19.364,0
Tue,01-07-2020,11.909,11.909,11.909,11.909,0
Mon,01-06-2020,15.625,15.625,15.625,15.625,0
Fri,01-03-2020,16.111,16.111,16.111,16.111,0
Thu,01-02-2020,42.800,42.800,42.800,42.800,0
Tue,12-31-2019,11.444,11.444,11.444,11.444,0
Mon,12-30-2019,6.4666,6.4666,6.4666,6.4666,0
Fri,12-27-2019,50.750,50.750,50.750,50.750,0
Thu,12-26-2019,25.000,25.000,25.000,25.000,0
Tue,12-24-2019,26.600,26.600,26.600,26.600,0
Mon,12-23-2019,16.583,16.583,16.583,16.583,0
Fri,12-20-2019,30.222,30.222,30.222,30.222,0
Thu,12-19-2019,11.400,11.400,11.400,11.400,0
Wed,12-18-2019,21.250,21.250,21.250,21.250,0
Tue,12-17-2019,13.769,13.769,13.769,13.769,0
Mon,12-16-2019,11.150,11.150,11.150,11.150,0
Fri,12-13-2019,10.056,10.056,10.056,10.056,0
Thu,12-12-2019,10.238,10.238,10.238,10.238,0
Wed,12-11-2019,7.2500,7.2500,7.2500,7.2500,0
Tue,12-10-2019,4.6666,4.6666,4.6666,4.6666,0
Mon,12-09-2019,5.8888,5.8888,5.8888,5.8888,0
Fri,12-06-2019,11.071,11.071,11.071,11.071,0
Thu,12-05-2019,2.4400,2.4400,2.4400,2.4400,0
Wed,12-04-2019,5.1428,5.1428,5.1428,5.1428,0
Tue,12-03-2019,0.4264,0.4264,0.4264,0.4264,0
Mon,12-02-2019,1.4318,1.4318,1.4318,1.4318,0
Fri,11-29-2019,5.0500,5.0500,5.0500,5.0500,0
Wed,11-27-2019,7.0434,7.0434,7.0434,7.0434,0
Tue,11-26-2019,5.4444,5.4444,5.4444,5.4444,0
Mon,11-25-2019,7.1052,7.1052,7.1052,7.1052,0
Fri,11-22-2019,1.6666,1.6666,1.6666,1.6666,0
Thu,11-21-2019,0.7462,0.7462,0.7462,0.7462,0
Wed,11-20-2019,1.0823,1.0823,1.0823,1.0823,0
Tue,11-19-2019,1.2577,1.2577,1.2577,1.2577,0
Mon,11-18-2019,1.4935,1.4935,1.4935,1.4935,0
Fri,11-15-2019,2.1636,2.1636,2.1636,2.1636,0
Thu,11-14-2019,1.3066,1.3066,1.3066,1.3066,0
Wed,11-13-2019,1.0724,1.0724,1.0724,1.0724,0
Tue,11-12-2019,1.6760,1.6760,1.6760,1.6760,0
Mon,11-11-2019,1.7692,1.7692,1.7692,1.7692,0
Fri,11-08-2019,2.3777,2.3777,2.3777,2.3777,0
Thu,11-07-2019,4.2195,4.2195,4.2195,4.2195,0
Wed,11-06-2019,3.2121,3.2121,3.2121,3.2121,0
Tue,11-05-2019,6.8518,6.8518,6.8518,6.8518,0
Mon,11-04-2019,19.455,19.455,19.455,19.455,0
Fri,11-01-2019,7.5416,7.5416,7.5416,7.5416,0
Thu,10-31-2019,2.4264,2.4264,2.4264,2.4264,0
Wed,10-30-2019,3.8000,3.8000,3.8000,3.8000,0
Tue,10-29-2019,4.2941,4.2941,4.2941,4.2941,0
Mon,10-28-2019,7.0000,7.0000,7.0000,7.0000,0
Fri,10-25-2019,4.8148,4.8148,4.8148,4.8148,0
Thu,10-24-2019,5.2500,5.2500,5.2500,5.2500,0
Wed,10-23-2019,5.1071,5.1071,5.1071,5.1071,0
Tue,10-22-2019,6.2500,6.2500,6.2500,6.2500,0
Mon,10-21-2019,5.9000,5.9000,5.9000,5.9000,0
Fri,10-18-2019,3.6571,3.6571,3.6571,3.6571,0
Thu,10-17-2019,4.6969,4.6969,4.6969,4.6969,0
Wed,10-16-2019,3.2000,3.2000,3.2000,3.2000,0
Tue,10-15-2019,4.8571,4.8571,4.8571,4.8571,0
Mon,10-14-2019,1.5744,1.5744,1.5744,1.5744,0
Fri,10-11-2019,8.6153,8.6153,8.6153,8.6153,0
Thu,10-10-2019,1.1666,1.1666,1.1666,1.1666,0
Wed,10-09-2019,1.2285,1.2285,1.2285,1.2285,0
Tue,10-08-2019,0.7127,0.7127,0.7127,0.7127,0
Mon,10-07-2019,2.2000,2.2000,2.2000,2.2000,0
Fri,10-04-2019,2.1875,2.1875,2.1875,2.1875,0
Thu,10-03-2019,0.4777,0.4777,0.4777,0.4777,0
Wed,10-02-2019,0.1684,0.1684,0.1684,0.1684,0
Tue,10-01-2019,1.0754,1.0754,1.0754,1.0754,0
Mon,09-30-2019,4.0740,4.0740,4.0740,4.0740,0
Fri,09-27-2019,3.2000,3.2000,3.2000,3.2000,0
Thu,09-26-2019,3.7777,3.7777,3.7777,3.7777,0
Wed,09-25-2019,3.6818,3.6818,3.6818,3.6818,0
Tue,09-24-2019,4.0000,4.0000,4.0000,4.0000,0
Mon,09-23-2019,7.0625,7.0625,7.0625,7.0625,0
Fri,09-20-2019,6.8461,6.8461,6.8461,6.8461,0
Thu,09-19-2019,15.286,15.286,15.286,15.286,0
Wed,09-18-2019,7.9000,7.9000,7.9000,7.9000,0
Tue,09-17-2019,8.2857,8.2857,8.2857,8.2857,0
Mon,09-16-2019,9.3333,9.3333,9.3333,9.3333,0
Fri,09-13-2019,9.7777,9.7777,9.7777,9.7777,0
Thu,09-12-2019,21.000,21.000,21.000,21.000,0
Wed,09-11-2019,17.000,17.000,17.000,17.000,0
Tue,09-10-2019,8.2000,8.2000,8.2000,8.2000,0
Mon,09-09-2019,7.3750,7.3750,7.3750,7.3750,0
Fri,09-06-2019,6.9000,6.9000,6.9000,6.9000,0
Thu,09-05-2019,16.182,16.182,16.182,16.182,0
Wed,09-04-2019,7.3000,7.3000,7.3000,7.3000,0
Tue,09-03-2019,1.5555,1.5555,1.5555,1.5555,0
Fri,08-30-2019,4.0000,4.0000,4.0000,4.0000,0
Thu,08-29-2019,3.3478,3.3478,3.3478,3.3478,0
Wed,08-28-2019,0.7055,0.7055,0.7055,0.7055,0
Tue,08-27-2019,0.6172,0.6172,0.6172,0.6172,0
Mon,08-26-2019,0.4586,0.4586,0.4586,0.4586,0
Fri,08-23-2019,0.7225,0.7225,0.7225,0.7225,0
Thu,08-22-2019,3.1403,3.1403,3.1403,3.1403,0
Wed,08-21-2019,4.4000,4.4000,4.4000,4.4000,0
Tue,08-20-2019,2.5500,2.5500,2.5500,2.5500,0
Mon,08-19-2019,8.9047,8.9047,8.9047,8.9047,0
Fri,08-16-2019,2.4000,2.4000,2.4000,2.4000,0
Thu,08-15-2019,0.4814,0.4814,0.4814,0.4814,0
Wed,08-14-2019,3.2580,3.2580,3.2580,3.2580,0
Tue,08-13-2019,1.0985,1.0985,1.0985,1.0985,0
Mon,08-12-2019,0.6952,0.6952,0.6952,0.6952,0
Fri,08-09-2019,1.5526,1.5526,1.5526,1.5526,0
Thu,08-08-2019,3.1111,3.1111,3.1111,3.1111,0
Wed,08-07-2019,0.6196,0.6196,0.6196,0.6196,0
Tue,08-06-2019,0.4078,0.4078,0.4078,0.4078,0
Mon,08-05-2019,0.3745,0.3745,0.3745,0.3745,0
Fri,08-02-2019,0.9212,0.9212,0.9212,0.9212,0
Thu,08-01-2019,1.9846,1.9846,1.9846,1.9846,0
Wed,07-31-2019,6.3800,6.3800,6.3800,6.3800,0
Tue,07-30-2019,2.9240,2.9240,2.9240,2.9240,0
Mon,07-29-2019,3.5342,3.5342,3.5342,3.5342,0
Fri,07-26-2019,2.8405,2.8405,2.8405,2.8405,0
Thu,07-25-2019,2.4027,2.4027,2.4027,2.4027,0
Wed,07-24-2019,7.4375,7.4375,7.4375,7.4375,0
Tue,07-23-2019,2.4561,2.4561,2.4561,2.4561,0
Mon,07-22-2019,1.6891,1.6891,1.6891,1.6891,0
Fri,07-19-2019,3.0000,3.0000,3.0000,3.0000,0
Thu,07-18-2019,1.8936,1.8936,1.8936,1.8936,0
Wed,07-17-2019,2.7741,2.7741,2.7741,2.7741,0
Tue,07-16-2019,4.1176,4.1176,4.1176,4.1176,0
Mon,07-15-2019,5.2162,5.2162,5.2162,5.2162,0
Fri,07-12-2019,7.1304,7.1304,7.1304,7.1304,0
Thu,07-11-2019,4.3333,4.3333,4.3333,4.3333,0
Wed,07-10-2019,9.6666,9.6666,9.6666,9.6666,0
Tue,07-09-2019,3.1428,3.1428,3.1428,3.1428,0
Mon,07-08-2019,5.5000,5.5000,5.5000,5.5000,0
Fri,07-05-2019,7.1875,7.1875,7.1875,7.1875,0
Wed,07-03-2019,11.000,11.000,11.000,11.000,0
Tue,07-02-2019,5.1666,5.1666,5.1666,5.1666,0
Mon,07-01-2019,18.333,18.333,18.333,18.333,0
Fri,06-28-2019,7.4545,7.4545,7.4545,7.4545,0
Thu,06-27-2019,3.1612,3.1612,3.1612,3.1612,0
Wed,06-26-2019,1.4444,1.4444,1.4444,1.4444,0
Tue,06-25-2019,1.3000,1.3000,1.3000,1.3000,0
Mon,06-24-2019,2.3174,2.3174,2.3174,2.3174,0
Fri,06-21-2019,2.4905,2.4905,2.4905,2.4905,0
Thu,06-20-2019,11.963,11.963,11.963,11.963,0
Wed,06-19-2019,6.0000,6.0000,6.0000,6.0000,0
Tue,06-18-2019,8.4444,8.4444,8.4444,8.4444,0
Mon,06-17-2019,2.0958,2.0958,2.0958,2.0958,0
Fri,06-14-2019,1.8783,1.8783,1.8783,1.8783,0
Thu,06-13-2019,2.6382,2.6382,2.6382,2.6382,0
Wed,06-12-2019,1.2873,1.2873,1.2873,1.2873,0
Tue,06-11-2019,3.3589,3.3589,3.3589,3.3589,0
Mon,06-10-2019,7.7037,7.7037,7.7037,7.7037,0
Fri,06-07-2019,6.3478,6.3478,6.3478,6.3478,0
Thu,06-06-2019,1.9019,1.9019,1.9019,1.9019,0
Wed,06-05-2019,2.8688,2.8688,2.8688,2.8688,0
Tue,06-04-2019,6.1000,6.1000,6.1000,6.1000,0
Mon,06-03-2019,0.8849,0.8849,0.8849,0.8849,0
Fri,05-31-2019,0.3253,0.3253,0.3253,0.3253,0
Thu,05-30-2019,0.4918,0.4918,0.4918,0.4918,0
Wed,05-29-2019,0.3364,0.3364,0.3364,0.3364,0
Tue,05-28-2019,1.1759,1.1759,1.1759,1.1759,0
Fri,05-24-2019,1.5000,1.5000,1.5000,1.5000,0
Thu,05-23-2019,0.4357,0.4357,0.4357,0.4357,0
Wed,05-22-2019,1.1235,1.1235,1.1235,1.1235,0
Tue,05-21-2019,1.9642,1.9642,1.9642,1.9642,0
Mon,05-20-2019,0.6206,0.6206,0.6206,0.6206,0
Fri,05-17-2019,1.4000,1.4000,1.4000,1.4000,0
Thu,05-16-2019,4.0930,4.0930,4.0930,4.0930,0
Wed,05-15-2019,1.6935,1.6935,1.6935,1.6935,0
Tue,05-14-2019,1.3272,1.3272,1.3272,1.3272,0
Mon,05-13-2019,0.5203,0.5203,0.5203,0.5203,0
Fri,05-10-2019,1.1666,1.1666,1.1666,1.1666,0
Thu,05-09-2019,0.7647,0.7647,0.7647,0.7647,0
Wed,05-08-2019,2.0256,2.0256,2.0256,2.0256,0
Tue,05-07-2019,1.7317,1.7317,1.7317,1.7317,0
Mon,05-06-2019,4.3846,4.3846,4.3846,4.3846,0
Fri,05-03-2019,17.111,17.111,17.111,17.111,0
Thu,05-02-2019,1.7241,1.7241,1.7241,1.7241,0
Wed,05-01-2019,5.5675,5.5675,5.5675,5.5675,0
Tue,04-30-2019,6.5666,6.5666,6.5666,6.5666,0
Mon,04-29-2019,8.6250,8.6250,8.6250,8.6250,0
Fri,04-26-2019,4.1379,4.1379,4.1379,4.1379,0
Thu,04-25-2019,1.6428,1.6428,1.6428,1.6428,0
Wed,04-24-2019,4.8518,4.8518,4.8518,4.8518,0
Tue,04-23-2019,6.8000,6.8000,6.8000,6.8000,0
Mon,04-22-2019,1.5882,1.5882,1.5882,1.5882,0
Thu,04-18-2019,2.6296,2.6296,2.6296,2.6296,0
Wed,04-17-2019,2.7333,2.7333,2.7333,2.7333,0
Tue,04-16-2019,4.9615,4.9615,4.9615,4.9615,0
Mon,04-15-2019,5.7916,5.7916,5.7916,5.7916,0
Fri,04-12-2019,7.2857,7.2857,7.2857,7.2857,0
Thu,04-11-2019,7.1176,7.1176,7.1176,7.1176,0
Wed,04-10-2019,12.300,12.300,12.300,12.300,0
Tue,04-09-2019,4.4666,4.4666,4.4666,4.4666,0
Mon,04-08-2019,16.333,16.333,16.333,16.333,0
Fri,04-05-2019,14.500,14.500,14.500,14.500,0
Thu,04-04-2019,9.3000,9.3000,9.3000,9.3000,0
Wed,04-03-2019,10.375,10.375,10.375,10.375,0
Tue,04-02-2019,9.3333,9.3333,9.3333,9.3333,0
Mon,04-01-2019,14.833,14.833,14.833,14.833,0
Fri,03-29-2019,5.4800,5.4800,5.4800,5.4800,0
Thu,03-28-2019,4.1612,4.1612,4.1612,4.1612,0
Wed,03-27-2019,4.3333,4.3333,4.3333,4.3333,0
Tue,03-26-2019,6.4347,6.4347,6.4347,6.4347,0
Mon,03-25-2019,1.1612,1.1612,1.1612,1.1612,0
Fri,03-22-2019,2.7592,2.7592,2.7592,2.7592,0
Thu,03-21-2019,7.0000,7.0000,7.0000,7.0000,0
Wed,03-20-2019,2.0476,2.0476,2.0476,2.0476,0
Tue,03-19-2019,5.8888,5.8888,5.8888,5.8888,0
Mon,03-18-2019,5.6842,5.6842,5.6842,5.6842,0
Fri,03-15-2019,5.7500,5.7500,5.7500,5.7500,0
Thu,03-14-2019,4.9047,4.9047,4.9047,4.9047,0
Wed,03-13-2019,11.400,11.400,11.400,11.400,0
Tue,03-12-2019,10.500,10.500,10.500,10.500,0
Mon,03-11-2019,4.5000,4.5000,4.5000,4.5000,0
Fri,03-08-2019,0.8823,0.8823,0.8823,0.8823,0
Thu,03-07-2019,1.3653,1.3653,1.3653,1.3653,0
Wed,03-06-2019,1.8181,1.8181,1.8181,1.8181,0
Tue,03-05-2019,3.6363,3.6363,3.6363,3.6363,0
Mon,03-04-2019,8.5714,8.5714,8.5714,8.5714,0
Fri,03-01-2019,10.308,10.308,10.308,10.308,0
Thu,02-28-2019,8.6000,8.6000,8.6000,8.6000,0
Wed,02-27-2019,4.2727,4.2727,4.2727,4.2727,0
Tue,02-26-2019,8.1000,8.1000,8.1000,8.1000,0
Mon,02-25-2019,15.000,15.000,15.000,15.000,0
Fri,02-22-2019,18.111,18.111,18.111,18.111,0
Thu,02-21-2019,11.375,11.375,11.375,11.375,0
Wed,02-20-2019,14.286,14.286,14.286,14.286,0
Tue,02-19-2019,12.200,12.200,12.200,12.200,0
Fri,02-15-2019,56.000,56.000,56.000,56.000,0
Thu,02-14-2019,8.8750,8.8750,8.8750,8.8750,0
Wed,02-13-2019,17.400,17.400,17.400,17.400,0
Tue,02-12-2019,11.750,11.750,11.750,11.750,0
Mon,02-11-2019,7.8181,7.8181,7.8181,7.8181,0
Fri,02-08-2019,3.2631,3.2631,3.2631,3.2631,0
Thu,02-07-2019,2.5000,2.5000,2.5000,2.5000,0
Wed,02-06-2019,6.7777,6.7777,6.7777,6.7777,0
Tue,02-05-2019,23.500,23.500,23.500,23.500,0
Mon,02-04-2019,10.333,10.333,10.333,10.333,0
Fri,02-01-2019,9.9000,9.9000,9.9000,9.9000,0
Thu,01-31-2019,19.000,19.000,19.000,19.000,0
Wed,01-30-2019,5.1428,5.1428,5.1428,5.1428,0
Tue,01-29-2019,3.1176,3.1176,3.1176,3.1176,0
Mon,01-28-2019,1.8636,1.8636,1.8636,1.8636,0
Fri,01-25-2019,10.000,10.000,10.000,10.000,0
Thu,01-24-2019,1.4545,1.4545,1.4545,1.4545,0
Wed,01-23-2019,1.1578,1.1578,1.1578,1.1578,0
Tue,01-22-2019,0.5357,0.5357,0.5357,0.5357,0
Fri,01-18-2019,2.5833,2.5833,2.5833,2.5833,0
Thu,01-17-2019,1.7272,1.7272,1.7272,1.7272,0
Wed,01-16-2019,2.4444,2.4444,2.4444,2.4444,0
Tue,01-15-2019,1.0833,1.0833,1.0833,1.0833,0
Mon,01-14-2019,0.6363,0.6363,0.6363,0.6363,0
Fri,01-11-2019,3.2000,3.2000,3.2000,3.2000,0
Thu,01-10-2019,1.5714,1.5714,1.5714,1.5714,0
Wed,01-09-2019,1.2000,1.2000,1.2000,1.2000,0
Tue,01-08-2019,1.4000,1.4000,1.4000,1.4000,0
Mon,01-07-2019,0.7272,0.7272,0.7272,0.7272,0
Fri,01-04-2019,0.5454,0.5454,0.5454,0.5454,0
Thu,01-03-2019,0.3000,0.3000,0.3000,0.3000,0
Wed,01-02-2019,0.1269,0.1269,0.1269,0.1269,0
Mon,12-31-2018,0.0724,0.0724,0.0724,0.0724,0
Fri,12-28-2018,0.0505,0.0505,0.0505,0.0505,0
Thu,12-27-2018,0.0273,0.0273,0.0273,0.0273,0
Wed,12-26-2018,0.0049,0.0049,0.0049,0.0049,0
Mon,12-24-2018,0.0015,0.0015,0.0015,0.0015,0
Fri,12-21-2018,0.0018,0.0018,0.0018,0.0018,0
Thu,12-20-2018,0.0031,0.0031,0.0031,0.0031,0
Wed,12-19-2018,0.0048,0.0048,0.0048,0.0048,0
Tue,12-18-2018,0.0040,0.0040,0.0040,0.0040,0
Mon,12-17-2018,0.0056,0.0056,0.0056,0.0056,0
Fri,12-14-2018,0.0259,0.0259,0.0259,0.0259,0
Thu,12-13-2018,0.0659,0.0659,0.0659,0.0659,0
Wed,12-12-2018,0.2734,0.2734,0.2734,0.2734,0
Tue,12-11-2018,0.1310,0.1310,0.1310,0.1310,0
Mon,12-10-2018,0.0213,0.0213,0.0213,0.0213,0
Fri,12-07-2018,0.1467,0.1467,0.1467,0.1467,0
Thu,12-06-2018,0.0540,0.0540,0.0540,0.0540,0
Tue,12-04-2018,0.2010,0.2010,0.2010,0.2010,0
Mon,12-03-2018,0.6015,0.6015,0.6015,0.6015,0
Fri,11-30-2018,0.2200,0.2200,0.2200,0.2200,0
Thu,11-29-2018,0.2261,0.2261,0.2261,0.2261,0
Wed,11-28-2018,0.2000,0.2000,0.2000,0.2000,0
Tue,11-27-2018,0.0858,0.0858,0.0858,0.0858,0
Mon,11-26-2018,0.0958,0.0958,0.0958,0.0958,0
Fri,11-23-2018,0.0232,0.0232,0.0232,0.0232,0
Wed,11-21-2018,0.1125,0.1125,0.1125,0.1125,0
Tue,11-20-2018,0.0559,0.0559,0.0559,0.0559,0
Mon,11-19-2018,0.1942,0.1942,0.1942,0.1942,0
Fri,11-16-2018,0.2197,0.2197,0.2197,0.2197,0
Thu,11-15-2018,0.0871,0.0871,0.0871,0.0871,0
Wed,11-14-2018,0.1329,0.1329,0.1329,0.1329,0
Tue,11-13-2018,0.1854,0.1854,0.1854,0.1854,0
Mon,11-12-2018,0.4503,0.4503,0.4503,0.4503,0
Fri,11-09-2018,0.5504,0.5504,0.5504,0.5504,0
Thu,11-08-2018,1.0869,1.0869,1.0869,1.0869,0
Wed,11-07-2018,1.5384,1.5384,1.5384,1.5384,0
Tue,11-06-2018,0.7846,0.7846,0.7846,0.7846,0
Mon,11-05-2018,0.5660,0.5660,0.5660,0.5660,0
Fri,11-02-2018,0.3176,0.3176,0.3176,0.3176,0
Thu,11-01-2018,0.3733,0.3733,0.3733,0.3733,0
Wed,10-31-2018,0.1760,0.1760,0.1760,0.1760,0
Tue,10-30-2018,0.0830,0.0830,0.0830,0.0830,0
Mon,10-29-2018,0.0471,0.0471,0.0471,0.0471,0
Fri,10-26-2018,0.0169,0.0169,0.0169,0.0169,0
Thu,10-25-2018,0.0360,0.0360,0.0360,0.0360,0
Wed,10-24-2018,0.0516,0.0516,0.0516,0.0516,0
Tue,10-23-2018,0.0160,0.0160,0.0160,0.0160,0
Mon,10-22-2018,0.0692,0.0692,0.0692,0.0692,0
Fri,10-19-2018,0.0781,0.0781,0.0781,0.0781,0
Thu,10-18-2018,0.0367,0.0367,0.0367,0.0367,0
Wed,10-17-2018,0.1162,0.1162,0.1162,0.1162,0
Tue,10-16-2018,0.1473,0.1473,0.1473,0.1473,0
Mon,10-15-2018,0.0462,0.0462,0.0462,0.0462,0
Fri,10-12-2018,0.0252,0.0252,0.0252,0.0252,0
Thu,10-11-2018,0.0171,0.0171,0.0171,0.0171,0
Wed,10-10-2018,0.0657,0.0657,0.0657,0.0657,0
Tue,10-09-2018,0.1854,0.1854,0.1854,0.1854,0
Mon,10-08-2018,0.1054,0.1054,0.1054,0.1054,0
Fri,10-05-2018,0.0580,0.0580,0.0580,0.0580,0
Thu,10-04-2018,0.0847,0.0847,0.0847,0.0847,0
Wed,10-03-2018,0.2786,0.2786,0.2786,0.2786,0
Tue,10-02-2018,0.2905,0.2905,0.2905,0.2905,0
Mon,10-01-2018,0.5833,0.5833,0.5833,0.5833,0
Fri,09-28-2018,0.4661,0.4661,0.4661,0.4661,0
Thu,09-27-2018,0.3826,0.3826,0.3826,0.3826,0
Wed,09-26-2018,0.5405,0.5405,0.5405,0.5405,0
Tue,09-25-2018,0.5234,0.5234,0.5234,0.5234,0
Mon,09-24-2018,0.4196,0.4196,0.4196,0.4196,0
Fri,09-21-2018,1.1609,1.1609,1.1609,1.1609,0
Thu,09-20-2018,0.9247,0.9247,0.9247,0.9247,0
Wed,09-19-2018,0.7272,0.7272,0.7272,0.7272,0
Tue,09-18-2018,0.7807,0.7807,0.7807,0.7807,0
Mon,09-17-2018,0.8247,0.8247,0.8247,0.8247,0
Fri,09-14-2018,1.1978,1.1978,1.1978,1.1978,0
Thu,09-13-2018,1.5882,1.5882,1.5882,1.5882,0
Wed,09-12-2018,1.2025,1.2025,1.2025,1.2025,0
Tue,09-11-2018,0.7933,0.7933,0.7933,0.7933,0
Mon,09-10-2018,1.0786,1.0786,1.0786,1.0786,0
Fri,09-07-2018,0.6044,0.6044,0.6044,0.6044,0
Thu,09-06-2018,0.9082,0.9082,0.9082,0.9082,0
Wed,09-05-2018,0.9361,0.9361,0.9361,0.9361,0
Tue,09-04-2018,1.4000,1.4000,1.4000,1.4000,0
Fri,08-31-2018,2.0217,2.0217,2.0217,2.0217,0
Thu,08-30-2018,1.8225,1.8225,1.8225,1.8225,0
Wed,08-29-2018,4.0555,4.0555,4.0555,4.0555,0
Tue,08-28-2018,3.7096,3.7096,3.7096,3.7096,0
Mon,08-27-2018,8.5294,8.5294,8.5294,8.5294,0
Fri,08-24-2018,2.9473,2.9473,2.9473,2.9473,0
Thu,08-23-2018,2.2142,2.2142,2.2142,2.2142,0
Wed,08-22-2018,3.7500,3.7500,3.7500,3.7500,0
Tue,08-21-2018,7.7142,7.7142,7.7142,7.7142,0
Mon,08-20-2018,5.4444,5.4444,5.4444,5.4444,0
Fri,08-17-2018,2.1200,2.1200,2.1200,2.1200,0
Thu,08-16-2018,1.8431,1.8431,1.8431,1.8431,0
Wed,08-15-2018,0.3594,0.3594,0.3594,0.3594,0
Tue,08-14-2018,1.1282,1.1282,1.1282,1.1282,0
Mon,08-13-2018,0.3620,0.3620,0.3620,0.3620,0
Fri,08-10-2018,0.7752,0.7752,0.7752,0.7752,0
Thu,08-09-2018,3.2571,3.2571,3.2571,3.2571,0
Wed,08-08-2018,2.1190,2.1190,2.1190,2.1190,0
Tue,08-07-2018,2.9268,2.9268,2.9268,2.9268,0
Mon,08-06-2018,2.8055,2.8055,2.8055,2.8055,0
Fri,08-03-2018,3.6451,3.6451,3.6451,3.6451,0
Thu,08-02-2018,1.4126,1.4126,1.4126,1.4126,0
Wed,08-01-2018,1.3392,1.3392,1.3392,1.3392,0
Tue,07-31-2018,2.1111,2.1111,2.1111,2.1111,0
Mon,07-30-2018,1.0975,1.0975,1.0975,1.0975,0
Fri,07-27-2018,1.7948,1.7948,1.7948,1.7948,0
Thu,07-26-2018,4.3548,4.3548,4.3548,4.3548,0
Wed,07-25-2018,1.5964,1.5964,1.5964,1.5964,0
Tue,07-24-2018,2.4000,2.4000,2.4000,2.4000,0
Mon,07-23-2018,2.2647,2.2647,2.2647,2.2647,0
Fri,07-20-2018,2.8125,2.8125,2.8125,2.8125,0
Thu,07-19-2018,2.0250,2.0250,2.0250,2.0250,0
Wed,07-18-2018,1.8571,1.8571,1.8571,1.8571,0
Tue,07-17-2018,2.5769,2.5769,2.5769,2.5769,0
Mon,07-16-2018,0.8363,0.8363,0.8363,0.8363,0
Fri,07-13-2018,3.1935,3.1935,3.1935,3.1935,0
Thu,07-12-2018,2.3500,2.3500,2.3500,2.3500,0
Wed,07-11-2018,1.3636,1.3636,1.3636,1.3636,0
Tue,07-10-2018,7.3684,7.3684,7.3684,7.3684,0
Mon,07-09-2018,9.4285,9.4285,9.4285,9.4285,0
Fri,07-06-2018,4.6000,4.6000,4.6000,4.6000,0
Thu,07-05-2018,2.1081,2.1081,2.1081,2.1081,0
Tue,07-03-2018,2.5925,2.5925,2.5925,2.5925,0
Mon,07-02-2018,0.4205,0.4205,0.4205,0.4205,0
Fri,06-29-2018,0.8548,0.8548,0.8548,0.8548,0
Thu,06-28-2018,0.2564,0.2564,0.2564,0.2564,0
Wed,06-27-2018,0.5083,0.5083,0.5083,0.5083,0
Tue,06-26-2018,0.6818,0.6818,0.6818,0.6818,0
Mon,06-25-2018,0.3750,0.3750,0.3750,0.3750,0
Fri,06-22-2018,2.4722,2.4722,2.4722,2.4722,0
Thu,06-21-2018,1.0246,1.0246,1.0246,1.0246,0
Wed,06-20-2018,3.0263,3.0263,3.0263,3.0263,0
Tue,06-19-2018,0.7108,0.7108,0.7108,0.7108,0
Mon,06-18-2018,1.3417,1.3417,1.3417,1.3417,0
Fri,06-15-2018,1.1805,1.1805,1.1805,1.1805,0
Thu,06-14-2018,1.9245,1.9245,1.9245,1.9245,0
Wed,06-13-2018,3.1515,3.1515,3.1515,3.1515,0
Tue,06-12-2018,4.4827,4.4827,4.4827,4.4827,0
Mon,06-11-2018,5.8800,5.8800,5.8800,5.8800,0
Fri,06-08-2018,5.0869,5.0869,5.0869,5.0869,0
Thu,06-07-2018,2.9122,2.9122,2.9122,2.9122,0
Wed,06-06-2018,3.7254,3.7254,3.7254,3.7254,0
Tue,06-05-2018,3.3653,3.3653,3.3653,3.3653,0
Mon,06-04-2018,5.1875,5.1875,5.1875,5.1875,0
Fri,06-01-2018,2.8750,2.8750,2.8750,2.8750,0
Thu,05-31-2018,1.5303,1.5303,1.5303,1.5303,0
Wed,05-30-2018,3.9000,3.9000,3.9000,3.9000,0
Tue,05-29-2018,0.5862,0.5862,0.5862,0.5862,0
Fri,05-25-2018,1.7441,1.7441,1.7441,1.7441,0
Thu,05-24-2018,1.3750,1.3750,1.3750,1.3750,0
Wed,05-23-2018,0.6545,0.6545,0.6545,0.6545,0
Tue,05-22-2018,3.2682,3.2682,3.2682,3.2682,0
Mon,05-21-2018,3.3508,3.3508,3.3508,3.3508,0
Fri,05-18-2018,1.5774,1.5774,1.5774,1.5774,0
Thu,05-17-2018,2.8490,2.8490,2.8490,2.8490,0
Wed,05-16-2018,2.3148,2.3148,2.3148,2.3148,0
Tue,05-15-2018,0.6899,0.6899,0.6899,0.6899,0
Mon,05-14-2018,3.9677,3.9677,3.9677,3.9677,0
Fri,05-11-2018,4.3333,4.3333,4.3333,4.3333,0
Thu,05-10-2018,4.3750,4.3750,4.3750,4.3750,0
Wed,05-09-2018,2.5762,2.5762,2.5762,2.5762,0
Tue,05-08-2018,1.1940,1.1940,1.1940,1.1940,0
Mon,05-07-2018,1.9322,1.9322,1.9322,1.9322,0
Fri,05-04-2018,1.1846,1.1846,1.1846,1.1846,0
Thu,05-03-2018,0.4628,0.4628,0.4628,0.4628,0
Wed,05-02-2018,1.1538,1.1538,1.1538,1.1538,0
Tue,05-01-2018,0.3465,0.3465,0.3465,0.3465,0
Mon,04-30-2018,1.4117,1.4117,1.4117,1.4117,0
Fri,04-27-2018,1.3333,1.3333,1.3333,1.3333,0
Thu,04-26-2018,0.7894,0.7894,0.7894,0.7894,0
Wed,04-25-2018,0.1566,0.1566,0.1566,0.1566,0
Tue,04-24-2018,0.6491,0.6491,0.6491,0.6491,0
Mon,04-23-2018,0.5833,0.5833,0.5833,0.5833,0
Fri,04-20-2018,0.4854,0.4854,0.4854,0.4854,0
Thu,04-19-2018,0.8125,0.8125,0.8125,0.8125,0
Wed,04-18-2018,2.7090,2.7090,2.7090,2.7090,0
Tue,04-17-2018,2.8205,2.8205,2.8205,2.8205,0
Mon,04-16-2018,1.5853,1.5853,1.5853,1.5853,0
Fri,04-13-2018,0.8600,0.8600,0.8600,0.8600,0
Thu,04-12-2018,1.2926,1.2926,1.2926,1.2926,0
Wed,04-11-2018,1.4000,1.4000,1.4000,1.4000,0
Tue,04-10-2018,1.7333,1.7333,1.7333,1.7333,0
Mon,04-09-2018,0.4339,0.4339,0.4339,0.4339,0
Fri,04-06-2018,0.5636,0.5636,0.5636,0.5636,0
Thu,04-05-2018,2.0400,2.0400,2.0400,2.0400,0
Wed,04-04-2018,0.3058,0.3058,0.3058,0.3058,0
Tue,04-03-2018,0.1797,0.1797,0.1797,0.1797,0
Mon,04-02-2018,0.1203,0.1203,0.1203,0.1203,0
Thu,03-29-2018,0.5789,0.5789,0.5789,0.5789,0
Wed,03-28-2018,0.1754,0.1754,0.1754,0.1754,0
Tue,03-27-2018,0.3015,0.3015,0.3015,0.3015,0
Mon,03-26-2018,0.1263,0.1263,0.1263,0.1263,0
Fri,03-23-2018,0.0744,0.0744,0.0744,0.0744,0
Thu,03-22-2018,0.1937,0.1937,0.1937,0.1937,0
Wed,03-21-2018,0.5036,0.5036,0.5036,0.5036,0
Tue,03-20-2018,0.3006,0.3006,0.3006,0.3006,0
Mon,03-19-2018,0.2237,0.2237,0.2237,0.2237,0
Fri,03-16-2018,0.4444,0.4444,0.4444,0.4444,0
Thu,03-15-2018,0.2426,0.2426,0.2426,0.2426,0
Wed,03-14-2018,0.6000,0.6000,0.6000,0.6000,0
Tue,03-13-2018,2.3513,2.3513,2.3513,2.3513,0
Mon,03-12-2018,5.9200,5.9200,5.9200,5.9200,0
Fri,03-09-2018,2.9333,2.9333,2.9333,2.9333,0
Thu,03-08-2018,2.5750,2.5750,2.5750,2.5750,0
Wed,03-07-2018,2.0425,2.0425,2.0425,2.0425,0
Tue,03-06-2018,2.6470,2.6470,2.6470,2.6470,0
Mon,03-05-2018,1.1707,1.1707,1.1707,1.1707,0
Fri,03-02-2018,0.1636,0.1636,0.1636,0.1636,0
Thu,03-01-2018,0.0941,0.0941,0.0941,0.0941,0
Wed,02-28-2018,0.3306,0.3306,0.3306,0.3306,0
Tue,02-27-2018,1.7142,1.7142,1.7142,1.7142,0
Mon,02-26-2018,3.6153,3.6153,3.6153,3.6153,0
Fri,02-23-2018,1.4838,1.4838,1.4838,1.4838,0
Thu,02-22-2018,0.4000,0.4000,0.4000,0.4000,0
Wed,02-21-2018,1.1095,1.1095,1.1095,1.1095,0
Tue,02-20-2018,1.3478,1.3478,1.3478,1.3478,0
Fri,02-16-2018,2.8888,2.8888,2.8888,2.8888,0
Thu,02-15-2018,1.4375,1.4375,1.4375,1.4375,0
Wed,02-14-2018,0.4814,0.4814,0.4814,0.4814,0
Tue,02-13-2018,0.3818,0.3818,0.3818,0.3818,0
Mon,02-12-2018,0.1500,0.1500,0.1500,0.1500,0
Fri,02-09-2018,0.0251,0.0251,0.0251,0.0251,0
Thu,02-08-2018,0.0817,0.0817,0.0817,0.0817,0
Wed,02-07-2018,0.5217,0.5217,0.5217,0.5217,0
Tue,02-06-2018,0.0208,0.0208,0.0208,0.0208,0
Mon,02-05-2018,0.0352,0.0352,0.0352,0.0352,0
Fri,02-02-2018,0.1387,0.1387,0.1387,0.1387,0
Thu,02-01-2018,0.6717,0.6717,0.6717,0.6717,0
